,Ghost_Size,Promoted_Size,Live_Size,Live_Base,Live_Override,Opt_Exp_Variance,Effective_Gross,Mean_Innovation_Z,Mean_Parametric_Alpha,rebalanced,Live_Realized_Return,Ghost_Realized_Return,Promoted_Realized_Return
2024-09-09,4.0,0.0,0.0,0.0,0.0,0.0,0.0,0.0,0.0,1,0.0,0.0,0.0
2024-09-10,4.0,0.0,0.0,0.0,0.0,0.0,0.0,0.0,0.0,0,0.0,-0.00023682625699061877,0.0
2024-09-11,4.0,0.0,0.0,0.0,0.0,0.0,0.0,0.0,0.0,0,0.0,-0.0027378185642309427,0.0
2024-09-12,4.0,0.0,0.0,0.0,0.0,0.0,0.0,0.0,0.0,0,0.0,0.007993144931738083,0.0
2024-09-13,4.0,0.0,0.0,0.0,0.0,0.0,0.0,0.0,0.0,0,0.0,-0.002757943290807474,0.0
2024-09-16,4.0,0.0,0.0,0.0,0.0,0.0,0.0,0.0,0.0,0,0.0,-0.013617561514408849,0.0
2024-09-17,4.0,0.0,0.0,0.0,0.0,0.0,0.0,0.0,0.0,0,0.0,0.005866714986145771,0.0
2024-09-18,4.0,0.0,0.0,0.0,0.0,0.0,0.0,0.0,0.0,0,0.0,-0.003442519925401455,0.0
2024-09-19,4.0,0.0,0.0,0.0,0.0,0.0,0.0,0.0,0.0,0,0.0,0.004959583269555923,0.0
2024-09-20,4.0,0.0,0.0,0.0,0.0,0.0,0.0,0.0,0.0,0,0.0,0.008013668744243363,0.0
2024-09-23,4.0,0.0,0.0,0.0,0.0,0.0,0.0,0.0,0.0,0,0.0,-0.004414462248638618,0.0
2024-09-24,4.0,0.0,0.0,0.0,0.0,0.0,0.0,0.0,0.0,0,0.0,0.008773891181435678,0.0
2024-09-25,4.0,0.0,0.0,0.0,0.0,0.0,0.0,0.0,0.0,0,0.0,-0.0032503103279334367,0.0
2024-09-26,4.0,1.0,1.0,1.0,0.0,0.027195804097828978,0.99,1.225563214071383,2.192104146256883,1,0.0,-0.0219414598771539,0.0
2024-09-27,4.0,1.0,1.0,1.0,0.0,0.027195804097828978,0.99,1.225563214071383,2.192104146256883,0,-0.00018426537928140085,0.0015741464947336414,-0.00022947862062516755
2024-09-30,4.0,1.0,1.0,1.0,0.0,0.027195804097828978,0.99,1.225563214071383,2.192104146256883,0,0.0012266958016111662,0.005584804567903889,-0.002083757951012677
2024-10-01,8.0,0.0,0.0,0.0,0.0,0.0,0.0,0.0,0.0,1,0.003591830382826622,0.0005631710289013547,0.01882711189391939
2024-10-02,8.0,0.0,0.0,0.0,0.0,0.0,0.0,0.0,0.0,0,-0.0020696940604970626,0.0029384052858010268,-0.004680305581487909
2024-10-03,8.0,0.0,0.0,0.0,0.0,0.0,0.0,0.0,0.0,0,0.0,0.007353164009626489,-0.011272708614277538
2024-10-04,8.0,0.0,0.0,0.0,0.0,0.0,0.0,0.0,0.0,0,0.0,0.007800305250131867,-0.030547910935783795
2024-10-07,8.0,0.0,0.0,0.0,0.0,0.0,0.0,0.0,0.0,0,0.0,-0.015467100784038457,0.07288143780064882
2024-10-08,8.0,0.0,0.0,0.0,0.0,0.0,0.0,0.0,0.0,0,0.0,0.015707244591201208,-0.05322496998201098
2024-10-09,8.0,0.0,0.0,0.0,0.0,0.0,0.0,0.0,0.0,0,0.0,-0.020591029752039858,-0.012053169176561518
2024-10-10,8.0,0.0,0.0,0.0,0.0,0.0,0.0,0.0,0.0,0,0.0,0.01653841033320358,-0.006456019438117799
2024-10-11,8.0,0.0,0.0,0.0,0.0,0.0,0.0,0.0,0.0,0,0.0,-0.0077584278381547245,0.038221165580600625
2024-10-14,8.0,0.0,0.0,0.0,0.0,0.0,0.0,0.0,0.0,0,0.0,0.006886123449247439,-0.008677355903774941
2024-10-15,4.0,1.0,1.0,1.0,0.0,0.003180998286883212,0.46036976959108505,1.5321234740872454,2.6872801840145586,1,0.0,-0.013542402014306343,0.04033579463294634
2024-10-16,4.0,1.0,1.0,1.0,0.0,0.003180998286883212,0.46036976959108505,1.5321234740872454,2.6872801840145586,0,-0.00011628196541157987,-0.03106732246693411,0.004209466983982502
2024-10-17,5.0,1.0,2.0,1.0,1.0,0.0029302879044255784,0.5965818399488115,1.1117102717172433,1.0355403682817688,1,-0.012606499231576418,-0.021771806245101444,-0.05254489569276133
2024-10-18,5.0,1.0,2.0,1.0,1.0,0.0029302879044255784,0.5965818399488115,1.1117102717172433,1.0355403682817688,0,0.005219874733586982,-0.0027483143644100316,0.017121647322969613
2024-10-21,5.0,1.0,2.0,1.0,1.0,0.0029302879044255784,0.5965818399488115,1.1117102717172433,1.0355403682817688,0,-0.00044907714639708107,0.01815577942529134,0.002726880643011631
2024-10-22,5.0,1.0,2.0,1.0,1.0,0.0029302879044255784,0.5965818399488115,1.1117102717172433,1.0355403682817688,0,0.0024136522356270618,0.004935703718534246,-0.00577735951740499
2024-10-23,5.0,1.0,2.0,1.0,1.0,0.0029302879044255784,0.5965818399488115,1.1117102717172433,1.0355403682817688,0,0.00679123073550425,0.014990196099855524,0.01798131126842817
2024-10-24,5.0,1.0,2.0,1.0,1.0,0.0029302879044255784,0.5965818399488115,1.1117102717172433,1.0355403682817688,0,0.0020654350598170446,0.015425915719950112,0.017918014670099458
2024-10-25,6.0,0.0,0.0,0.0,0.0,0.0,0.0,0.0,0.0,1,0.0005690563356535172,0.01004078467749836,0.011786651131485915
2024-10-28,6.0,0.0,0.0,0.0,0.0,0.0,0.0,0.0,0.0,0,-3.1293012252464614e-05,-0.005588999156138419,0.005827939563741724
2024-10-29,6.0,1.0,1.0,0.0,1.0,0.0012214536410465272,0.6106838428771622,0.7912552400918256,0.946218822649157,1,0.0,0.004414093693489773,-0.0038912200109101347
2024-10-30,6.0,1.0,1.0,0.0,1.0,0.0012214536410465272,0.6106838428771622,0.7912552400918256,0.946218822649157,0,-0.00012919086032325833,0.02464959874724415,-0.13337960855932596
2024-10-31,7.0,3.0,4.0,1.0,3.0,0.0008939288314930167,1.0668532393109649,0.9775930436552005,1.7118176624027464,1,-0.003248078300105872,0.01263117464031116,-0.019447325646965496
2024-11-01,7.0,3.0,4.0,1.0,3.0,0.0008939288314930167,1.0668532393109649,0.9775930436552005,1.7118176624027464,0,-0.003276351829679669,0.0012586626532036238,-0.028103884609086638
2024-11-04,0.0,0.0,1.0,0.0,1.0,0.001182796776118596,0.5584680346939064,0.7912552400918256,0.23079514442337198,1,-0.0011300501960458398,-0.0028831550363863645,-0.02517142387219773
2024-11-05,2.0,0.0,0.0,0.0,0.0,0.0,0.0,0.0,0.0,1,-0.004597567696708937,-0.014779575405261203,-0.010304642294028832
2024-11-06,4.0,2.0,1.0,1.0,0.0,0.001095623613554151,0.9860820987844476,1.4412353875655892,2.2881717626218103,1,-0.013757671132670124,-0.03201599804735167,-0.16044853696005035
2024-11-07,4.0,1.0,2.0,1.0,1.0,0.0006568083034556765,0.7620264872342015,1.091226121577224,0.7185671243128648,1,-0.00021057402006730008,0.009458828431248012,0.016614642793443934
2024-11-08,4.0,1.0,2.0,1.0,1.0,0.0006568083034556765,0.7620264872342015,1.091226121577224,0.7185671243128648,0,0.0051790715202011395,-0.00010699065565555888,-0.03191521706071343
2024-11-11,4.0,1.0,2.0,1.0,1.0,0.002826830417322016,1.0083333333333333,1.0366237998714498,0.46136280596749274,1,0.003780132876853637,-0.007087443837268781,-0.04365530288379005
2024-11-12,4.0,1.0,2.0,1.0,1.0,0.002826830417322016,1.0083333333333333,1.0366237998714498,0.46136280596749274,0,-0.0018460902256794975,0.015502475421049544,0.004352172381862474
2024-11-13,3.0,0.0,1.0,1.0,0.0,0.0013303409485925666,0.6599999999999997,1.4412353875655892,0.00970551288286091,1,-0.00018696251635053063,-0.01225289603245483,-0.047988226530219946
2024-11-14,3.0,0.0,1.0,1.0,0.0,0.0013303409485925666,0.6599999999999997,1.4412353875655892,0.00970551288286091,0,-0.0019238416363197564,0.009370564319612695,0.003094683088945116
2024-11-15,4.0,1.0,2.0,1.0,1.0,0.0037603457129985036,0.8738435117252673,0.9955000648140452,0.6968979543591152,1,-0.001564663064606897,0.011801994605567634,0.02738120392354837
2024-11-18,3.0,0.0,0.0,0.0,0.0,0.0,0.0,0.0,0.0,1,-0.0001294666124155297,-0.002121457961361095,0.06812511142380395
2024-11-19,3.0,0.0,0.0,0.0,0.0,0.0,0.0,0.0,0.0,0,0.0015756069099313041,-0.016460879376857807,0.118438959311568
2024-11-20,3.0,0.0,0.0,0.0,0.0,0.0,0.0,0.0,0.0,0,0.0,0.008361265009530383,-0.03979158758630663
2024-11-21,3.0,1.0,1.0,0.0,1.0,0.0012103107968848533,0.41313045496171436,0.5129906825064865,0.5407225703600897,1,0.0,0.00019105187157908432,0.07285980063826569
2024-11-22,3.0,1.0,1.0,0.0,1.0,0.0012103107968848533,0.41313045496171436,0.5129906825064865,0.5407225703600897,0,-8.749352407066979e-05,0.01955816188920556,0.0899593154272138
2024-11-25,3.0,1.0,1.0,0.0,1.0,0.0012103107968848533,0.41313045496171436,0.5129906825064865,0.5407225703600897,0,-0.0008243721401838267,-0.013366727413126722,0.05218505943626006
2024-11-26,3.0,1.0,1.0,0.0,1.0,0.0012103107968848533,0.41313045496171436,0.5129906825064865,0.5407225703600897,0,-0.0018681653365973938,-0.02068178636114959,-0.07814358934153742
2024-11-27,3.0,1.0,1.0,0.0,1.0,0.0012103107968848533,0.41313045496171436,0.5129906825064865,0.5407225703600897,0,-0.002989471721443371,-0.008076617986886303,0.03584379583040387
2024-11-29,1.0,0.0,0.0,0.0,0.0,0.0,0.0,0.0,0.0,1,0.0005069578069669678,0.004332721587444244,-0.005277141910787875
2024-12-02,1.0,0.0,0.0,0.0,0.0,0.0,0.0,0.0,0.0,0,0.0023531519666664114,-0.003260530246057325,0.0891551724972528
2024-12-03,1.0,0.0,0.0,0.0,0.0,0.0,0.0,0.0,0.0,0,0.0,0.007934605340708334,-0.019542734274214046
2024-12-04,1.0,0.0,0.0,0.0,0.0,0.0,0.0,0.0,0.0,0,0.0,-0.011895774817539895,-0.007481426750214792
2024-12-05,1.0,0.0,0.0,0.0,0.0,0.0,0.0,0.0,0.0,0,0.0,0.02678539297619742,-0.01359171734290121
2024-12-06,1.0,0.0,0.0,0.0,0.0,0.0,0.0,0.0,0.0,0,0.0,-0.028885827469397496,-0.017196039320413803
2024-12-09,1.0,0.0,0.0,0.0,0.0,0.0,0.0,0.0,0.0,0,0.0,0.01825290295794546,0.07029663071902892
2024-12-10,1.0,0.0,0.0,0.0,0.0,0.0,0.0,0.0,0.0,0,0.0,0.026363558266634612,-0.04072306548714477
2024-12-11,1.0,0.0,0.0,0.0,0.0,0.0,0.0,0.0,0.0,0,0.0,0.002652703064482953,-0.07380076759218146
2024-12-12,1.0,0.0,0.0,0.0,0.0,0.0,0.0,0.0,0.0,0,0.0,0.018145746861673473,-0.04373709975637341
2024-12-13,1.0,0.0,0.0,0.0,0.0,0.0,0.0,0.0,0.0,0,0.0,-0.04842791010662273,-0.312859338984536
2024-12-16,1.0,0.0,0.0,0.0,0.0,0.0,0.0,0.0,0.0,0,0.0,-0.01698953053324459,-0.3288867710689668
2024-12-17,1.0,0.0,0.0,0.0,0.0,0.0,0.0,0.0,0.0,0,0.0,0.031000044808711102,0.29598752737219813
2024-12-18,1.0,0.0,0.0,0.0,0.0,0.0,0.0,0.0,0.0,0,0.0,0.061549261974079617,0.12116743382316075
2024-12-19,1.0,0.0,0.0,0.0,0.0,0.0,0.0,0.0,0.0,0,0.0,0.025247998187277965,-0.051340198231632383
2024-12-20,1.0,0.0,0.0,0.0,0.0,0.0,0.0,0.0,0.0,0,0.0,-0.0038579697347604913,0.013873496550525166
2024-12-23,1.0,0.0,0.0,0.0,0.0,0.0,0.0,0.0,0.0,0,0.0,-0.014807239080422474,-0.04159028805739773
2024-12-24,1.0,0.0,0.0,0.0,0.0,0.0,0.0,0.0,0.0,0,0.0,-0.019588216355794552,-0.05127949139924848
2024-12-26,1.0,0.0,0.0,0.0,0.0,0.0,0.0,0.0,0.0,0,0.0,-0.00446039884704863,-0.11521822116910962
2024-12-27,1.0,0.0,0.0,0.0,0.0,0.0,0.0,0.0,0.0,0,0.0,0.01685292059814758,0.031519243957051746
2024-12-30,1.0,0.0,0.0,0.0,0.0,0.0,0.0,0.0,0.0,0,0.0,0.011562514424256376,0.02664081930823392
2024-12-31,1.0,0.0,0.0,0.0,0.0,0.0,0.0,0.0,0.0,0,0.0,-0.006741598939042359,0.029144983575614347
2025-01-02,1.0,0.0,0.0,0.0,0.0,0.0,0.0,0.0,0.0,0,0.0,0.006913651414551136,0.02813626534546887
2025-01-03,1.0,0.0,0.0,0.0,0.0,0.0,0.0,0.0,0.0,0,0.0,-0.0201856991887166,0.1379575673314366
2025-01-06,4.0,1.0,1.0,0.0,1.0,0.0016381541938436316,0.482469652639405,0.7989645862277479,0.5911779564833415,1,0.0,-0.018646785201820948,0.1132623422367196
2025-01-07,4.0,1.0,1.0,0.0,1.0,0.0016381541938436316,0.482469652639405,0.7989645862277479,0.5911779564833415,0,-0.00011768655953658946,0.016796998671670504,0.043601602362730585
2025-01-08,2.0,0.0,0.0,0.0,0.0,0.0,0.0,0.0,0.0,1,-0.0015630694503144804,0.0033220408545291402,-0.05590253448213356
2025-01-10,2.0,1.0,1.0,0.0,1.0,0.0017242830879411629,0.5895483063600553,0.5898750141907895,0.4780077531612551,1,0.006827689193657838,0.047707745194605744,0.11279603519387682
2025-01-13,2.0,1.0,1.0,0.0,1.0,0.0017242830879411629,0.5895483063600553,0.5898750141907895,0.4780077531612551,0,-0.00013868275338979608,-0.018006069460657637,-0.040315458357415124
2025-01-14,2.0,1.0,1.0,0.0,1.0,0.0017242830879411629,0.5895483063600553,0.5898750141907895,0.4780077531612551,0,0.0035816972540470005,-0.010909754320560516,-0.017382962777401145
2025-01-15,2.0,1.0,1.0,0.0,1.0,0.0017242830879411629,0.5895483063600553,0.5898750141907895,0.4780077531612551,0,0.009960589551536225,0.023379305945445905,-0.02526248090779115
2025-01-16,2.0,1.0,1.0,0.0,1.0,0.0017242830879411629,0.5895483063600553,0.5898750141907895,0.4780077531612551,0,0.005772585396158769,-0.0019867914169896528,0.09517062195316428
2025-01-17,2.0,1.0,1.0,0.0,1.0,0.0017242830879411629,0.5895483063600553,0.5898750141907895,0.4780077531612551,0,0.002232520686743733,0.007147676244377177,-0.011552256851591336
2025-01-21,2.0,1.0,1.0,0.0,1.0,0.0017242830879411629,0.5895483063600553,0.5898750141907895,0.4780077531612551,0,0.004462911055287622,-0.002070667904727541,-0.05490383069014604
2025-01-22,2.0,1.0,1.0,0.0,1.0,0.0017242830879411629,0.5895483063600553,0.5898750141907895,0.4780077531612551,0,-0.001968826883725794,0.003706791116612429,-0.005405149963268685
2025-01-23,2.0,0.0,0.0,0.0,0.0,0.0,0.0,0.0,0.0,1,-0.0033203648941115826,-0.0032353969431914154,-0.03717723414279395
2025-01-24,2.0,0.0,0.0,0.0,0.0,0.0,0.0,0.0,0.0,0,-0.0016783367245973846,-0.005058283710997702,-0.06495308560066226
2025-01-27,5.0,2.0,2.0,2.0,0.0,0.0006285592594981563,0.7282540425577422,1.041764127828618,1.3321925756969935,1,0.0,0.030284847766302914,0.300780552541116
2025-01-28,5.0,1.0,1.0,1.0,0.0,0.002167279320584943,0.6081016878075644,1.567743553555944,1.011793120449511,1,-0.00017924929940416057,-0.010552719227832519,-0.04379506152908952
2025-01-29,5.0,1.0,1.0,1.0,0.0,0.002167279320584943,0.6081016878075644,1.567743553555944,1.011793120449511,0,0.005151541175235641,0.01862995817672264,0.03569825508297608
2025-01-30,3.0,0.0,0.0,0.0,0.0,0.0,0.0,0.0,0.0,1,-0.0002601786832484576,-0.03653243195138678,-0.00506693794261126
2025-01-31,3.0,0.0,0.0,0.0,0.0,0.0,0.0,0.0,0.0,0,-0.003472471348388906,0.00296653184716833,-0.07212045625144259
2025-02-03,3.0,0.0,0.0,0.0,0.0,0.0,0.0,0.0,0.0,0,0.0,0.04543859387374427,0.09490529148975813
2025-02-04,3.0,0.0,0.0,0.0,0.0,0.0,0.0,0.0,0.0,0,0.0,-0.03813160667193649,-0.056005396655300244
2025-02-05,3.0,0.0,0.0,0.0,0.0,0.0,0.0,0.0,0.0,0,0.0,-0.0033411035286948776,-0.03189821580109653
2025-02-06,3.0,0.0,0.0,0.0,0.0,0.0,0.0,0.0,0.0,0,0.0,-0.04897715172300621,0.05352201767247644
2025-02-07,3.0,0.0,0.0,0.0,0.0,0.0,0.0,0.0,0.0,0,0.0,-0.0005790632168594101,0.07012877664781314
2025-02-10,3.0,0.0,0.0,0.0,0.0,0.0,0.0,0.0,0.0,0,0.0,0.014348995300060619,0.07106038622215327
2025-02-11,1.0,1.0,1.0,0.0,1.0,0.004646210670407475,0.3025504623370207,0.5888662165316692,0.9224719274065653,1,0.0,-0.02357892875329337,-0.07379284144688547
2025-02-12,1.0,1.0,1.0,0.0,1.0,0.004646210670407475,0.3025504623370207,0.5888662165316692,0.9224719274065653,0,-6.642467044015721e-05,0.024151294322277028,-0.004263401934953559
2025-02-13,1.0,1.0,1.0,0.0,1.0,0.004646210670407475,0.3025504623370207,0.5888662165316692,0.9224719274065653,0,0.002405808863568115,0.012421936153085289,0.08142322730241847
2025-02-14,0.0,0.0,0.0,0.0,0.0,0.0,0.0,0.0,0.0,1,0.0024633609169342208,-0.0059517307172171074,0.09924094749707213
2025-02-18,0.0,0.0,0.0,0.0,0.0,0.0,0.0,0.0,0.0,0,0.004195165649325983,0.005539973098168893,0.12356863418593722
2025-02-19,0.0,0.0,0.0,0.0,0.0,0.0,0.0,0.0,0.0,0,6.03459416126384e-06,-0.012969102240815933,0.03419687222493839
2025-02-20,0.0,0.0,0.0,0.0,0.0,0.0,0.0,0.0,0.0,0,-1.068633151013465e-05,0.023675773607482853,0.03344200061712099
2025-02-21,0.0,0.0,0.0,0.0,0.0,0.0,0.0,0.0,0.0,0,-4.375211690810232e-05,0.024656920302148055,0.011503908460236412
2025-02-24,0.0,0.0,0.0,0.0,0.0,0.0,0.0,0.0,0.0,0,-1.1442217222268347e-05,0.04344843058346792,-0.016118665074668637
2025-02-25,0.0,0.0,0.0,0.0,0.0,0.0,0.0,0.0,0.0,0,-1.2447176665930648e-05,0.036242028098502965,0.035754253895299515
2025-02-26,0.0,0.0,0.0,0.0,0.0,0.0,0.0,0.0,0.0,0,1.256701747998079e-06,-0.018541109960987456,-0.008511148029328397
2025-02-27,0.0,0.0,0.0,0.0,0.0,0.0,0.0,0.0,0.0,0,-3.977338950311715e-05,0.022816729044777162,0.03453109458639858
2025-02-28,0.0,0.0,0.0,0.0,0.0,0.0,0.0,0.0,0.0,0,3.826661110717389e-05,0.012866342639160866,-0.031057853882260233
2025-03-03,0.0,0.0,0.0,0.0,0.0,0.0,0.0,0.0,0.0,0,-4.3629677504708475e-05,-0.01726199554920893,-0.023621060006767225
2025-03-04,1.0,1.0,1.0,0.0,1.0,0.0006694104189380543,0.46889259038140124,0.7274688436195514,0.9143983940886778,1,-2.896239199889905e-05,-0.011846964174386132,0.06341691373046832
2025-03-05,1.0,1.0,1.0,0.0,1.0,0.0006694104189380543,0.46889259038140124,0.7274688436195514,0.9143983940886778,0,-8.095365489713124e-05,0.015025262683489915,-0.0014250891135669796
2025-03-06,1.0,1.0,1.0,0.0,1.0,0.0006694104189380543,0.46889259038140124,0.7274688436195514,0.9143983940886778,0,0.001432216831833255,0.011578589386111782,0.06257324474668446
2025-03-07,1.0,0.0,0.0,0.0,0.0,0.0,0.0,0.0,0.0,1,0.0037448997682854035,-0.013058081769139696,0.0025969354105732645
2025-03-10,1.0,0.0,0.0,0.0,0.0,0.0,0.0,0.0,0.0,0,0.001302032542652709,0.034352223321876485,0.028697916205125074
2025-03-11,1.0,0.0,0.0,0.0,0.0,0.0,0.0,0.0,0.0,0,0.0,-0.008941532558342069,-0.034858869856014385
2025-03-12,1.0,0.0,0.0,0.0,0.0,0.0,0.0,0.0,0.0,0,0.0,0.011164020943360331,-0.007154682753371389
2025-03-13,1.0,0.0,0.0,0.0,0.0,0.0,0.0,0.0,0.0,0,0.0,0.013432091264113044,0.03777480590984439
2025-03-14,1.0,0.0,0.0,0.0,0.0,0.0,0.0,0.0,0.0,0,0.0,-0.00990609006306653,0.01643237133363673
2025-03-17,1.0,0.0,0.0,0.0,0.0,0.0,0.0,0.0,0.0,0,0.0,-0.07891539022752259,-0.045011315204276814
2025-03-18,1.0,0.0,0.0,0.0,0.0,0.0,0.0,0.0,0.0,0,0.0,-0.020983920848058113,-0.0033192201251184272
2025-03-19,1.0,0.0,0.0,0.0,0.0,0.0,0.0,0.0,0.0,0,0.0,0.00708004980332011,-0.010523163828569881
2025-03-20,1.0,0.0,0.0,0.0,0.0,0.0,0.0,0.0,0.0,0,0.0,0.049179325457308964,0.0425368066750742
2025-03-21,1.0,0.0,0.0,0.0,0.0,0.0,0.0,0.0,0.0,0,0.0,0.018115699652893946,0.05134868919491575
2025-03-24,1.0,0.0,0.0,0.0,0.0,0.0,0.0,0.0,0.0,0,0.0,-0.04902087732058413,-0.031128572712034175
2025-03-25,1.0,0.0,0.0,0.0,0.0,0.0,0.0,0.0,0.0,0,0.0,-0.008440282699443191,-0.01097269600294104
2025-03-26,1.0,0.0,0.0,0.0,0.0,0.0,0.0,0.0,0.0,0,0.0,-0.0076869049012004975,-0.033459556599458984
2025-03-27,1.0,0.0,0.0,0.0,0.0,0.0,0.0,0.0,0.0,0,0.0,0.03377732346913653,0.014641817944264668
2025-03-28,1.0,0.0,0.0,0.0,0.0,0.0,0.0,0.0,0.0,0,0.0,0.014690856931812712,0.013478351985989123
2025-03-31,1.0,0.0,0.0,0.0,0.0,0.0,0.0,0.0,0.0,0,0.0,-0.034992580709814036,-0.0032699873644244093
2025-04-01,1.0,0.0,0.0,0.0,0.0,0.0,0.0,0.0,0.0,0,0.0,0.027457844477513538,-0.0053244788945123744
2025-04-02,1.0,0.0,0.0,0.0,0.0,0.0,0.0,0.0,0.0,0,0.0,-0.040027967990017066,-0.05342611490218441
2025-04-03,1.0,0.0,0.0,0.0,0.0,0.0,0.0,0.0,0.0,0,0.0,0.21204679802914983,0.12453195704507469
2025-04-04,3.0,1.0,1.0,0.0,1.0,0.0017323048915328808,0.4691371060091443,0.9364857722058079,0.8956995172273108,1,0.0,0.04643569029753558,-0.011731851016020145
2025-04-07,2.0,1.0,2.0,0.0,2.0,0.0018069124637891919,0.48959456571247256,0.8046740814546043,0.5045427292873981,1,-0.00010833886841588036,0.017143820290763667,-0.004822708598874792
2025-04-08,2.0,1.0,2.0,0.0,2.0,0.0018069124637891919,0.48959456571247256,0.8046740814546043,0.5045427292873981,0,-0.0028233047992352045,-0.0006270219988077086,-0.06608725888774791
2025-04-09,1.0,0.0,1.0,0.0,1.0,0.0014713997696076055,0.3230888298403721,0.6728623907034008,0.2555271653254031,1,0.0015597319179010416,-0.10880965150772293,-0.05466223769317646
2025-04-10,1.0,0.0,1.0,0.0,1.0,0.0014713997696076055,0.3230888298403721,0.6728623907034008,0.2555271653254031,0,-0.005232209699020274,0.02032631217978831,-0.019884331068301786
2025-04-11,1.0,0.0,1.0,0.0,1.0,0.0014713997696076055,0.3230888298403721,0.6728623907034008,0.2555271653254031,0,0.0009867929050955127,-0.01073125686309051,0.014896030830179763
2025-04-14,1.0,0.0,0.0,0.0,0.0,0.0,0.0,0.0,0.0,1,0.0038657956504890567,0.012271690118021539,0.04226658027079533
2025-04-15,1.0,0.0,0.0,0.0,0.0,0.0,0.0,0.0,0.0,0,0.0025382829480868896,0.009529346966254737,0.0443291769598384
2025-04-16,1.0,0.0,0.0,0.0,0.0,0.0,0.0,0.0,0.0,0,0.0,0.016288698057052464,-0.02684796578791715
2025-04-17,1.0,0.0,0.0,0.0,0.0,0.0,0.0,0.0,0.0,0,0.0,-0.03390027604049872,0.013901727009510534
2025-04-21,1.0,0.0,0.0,0.0,0.0,0.0,0.0,0.0,0.0,0,0.0,0.024318699248907727,0.0011812476064736455
2025-04-22,1.0,0.0,0.0,0.0,0.0,0.0,0.0,0.0,0.0,0,0.0,-0.0385690390285548,-0.029784559326416993
2025-04-23,1.0,0.0,0.0,0.0,0.0,0.0,0.0,0.0,0.0,0,0.0,-0.019010978364535136,-0.041194563488773706
2025-04-24,1.0,0.0,0.0,0.0,0.0,0.0,0.0,0.0,0.0,0,0.0,-0.022950662579316772,-0.0025467486712467124
2025-04-25,1.0,0.0,0.0,0.0,0.0,0.0,0.0,0.0,0.0,0,0.0,0.03095139427587923,0.014819702525259437
2025-04-28,1.0,0.0,0.0,0.0,0.0,0.0,0.0,0.0,0.0,0,0.0,0.01976198176267352,0.016823772510805357
2025-04-29,1.0,0.0,0.0,0.0,0.0,0.0,0.0,0.0,0.0,0,0.0,0.051813746054086396,0.04410012214638592
2025-04-30,1.0,0.0,0.0,0.0,0.0,0.0,0.0,0.0,0.0,0,0.0,0.06863656412744312,0.03175934659808877
2025-05-01,1.0,0.0,0.0,0.0,0.0,0.0,0.0,0.0,0.0,0,0.0,-0.02177414897032981,-0.05761096709930069
2025-05-02,1.0,0.0,0.0,0.0,0.0,0.0,0.0,0.0,0.0,0,0.0,-0.03551167726316817,-0.04299528960558163
2025-05-05,1.0,0.0,0.0,0.0,0.0,0.0,0.0,0.0,0.0,0,0.0,-0.02658208529705608,-0.04768803779226827
2025-05-06,1.0,0.0,0.0,0.0,0.0,0.0,0.0,0.0,0.0,0,0.0,0.024347086672875218,-0.03862368485191192
2025-05-07,1.0,0.0,0.0,0.0,0.0,0.0,0.0,0.0,0.0,0,0.0,0.010572716140992311,-0.0418521658301273
2025-05-08,1.0,0.0,0.0,0.0,0.0,0.0,0.0,0.0,0.0,0,0.0,-0.042664596429827006,-0.058467509896832914
2025-05-09,1.0,0.0,0.0,0.0,0.0,0.0,0.0,0.0,0.0,0,0.0,0.01492623635429946,-0.029712264331221316
2025-05-12,1.0,0.0,0.0,0.0,0.0,0.0,0.0,0.0,0.0,0,0.0,-0.1207121235863804,-0.1108379180157063
2025-05-13,1.0,0.0,0.0,0.0,0.0,0.0,0.0,0.0,0.0,0,0.0,0.01115203658861108,0.01279827381184151
2025-05-14,1.0,0.0,0.0,0.0,0.0,0.0,0.0,0.0,0.0,0,0.0,-0.003275146542632945,0.12278569325564836
2025-05-15,1.0,0.0,0.0,0.0,0.0,0.0,0.0,0.0,0.0,0,0.0,0.006105749345612477,0.004401227950393771
2025-05-16,1.0,0.0,0.0,0.0,0.0,0.0,0.0,0.0,0.0,0,0.0,0.020178609048931317,0.0441321600472393
2025-05-19,1.0,0.0,0.0,0.0,0.0,0.0,0.0,0.0,0.0,0,0.0,0.04329339537411214,-8.391900681548048e-05
2025-05-20,1.0,0.0,0.0,0.0,0.0,0.0,0.0,0.0,0.0,0,0.0,0.03780106325964416,0.04473556757941988
2025-05-21,1.0,0.0,0.0,0.0,0.0,0.0,0.0,0.0,0.0,0,0.0,-0.001254543296295596,0.0033506405810612705
2025-05-22,1.0,0.0,0.0,0.0,0.0,0.0,0.0,0.0,0.0,0,0.0,-0.038759382663910213,-0.052073963427953784
2025-05-23,1.0,0.0,0.0,0.0,0.0,0.0,0.0,0.0,0.0,0,0.0,0.008099408315299872,0.002454845823502083
2025-05-27,1.0,0.0,0.0,0.0,0.0,0.0,0.0,0.0,0.0,0,0.0,-0.03700158060109249,-0.014701138671733949
2025-05-28,1.0,0.0,0.0,0.0,0.0,0.0,0.0,0.0,0.0,0,0.0,0.010094367335838461,-0.012491986616313011
2025-05-29,1.0,0.0,0.0,0.0,0.0,0.0,0.0,0.0,0.0,0,0.0,-0.0118867497598798,-0.04369610038085614
2025-05-30,1.0,0.0,0.0,0.0,0.0,0.0,0.0,0.0,0.0,0,0.0,0.008576899324651999,-0.03347059538973196
2025-06-02,1.0,0.0,0.0,0.0,0.0,0.0,0.0,0.0,0.0,0,0.0,0.061080703605634445,0.027465369943307172
2025-06-03,1.0,0.0,0.0,0.0,0.0,0.0,0.0,0.0,0.0,0,0.0,-0.031411866953843126,-0.0283725657746432
2025-06-04,1.0,0.0,0.0,0.0,0.0,0.0,0.0,0.0,0.0,0,0.0,0.019080404743820667,0.03508840688114412
2025-06-05,1.0,0.0,0.0,0.0,0.0,0.0,0.0,0.0,0.0,0,0.0,-0.013280968356687128,-0.02663197166208453
2025-06-06,1.0,0.0,0.0,0.0,0.0,0.0,0.0,0.0,0.0,0,0.0,0.011684062514999427,0.12350461452506756
2025-06-09,1.0,0.0,0.0,0.0,0.0,0.0,0.0,0.0,0.0,0,0.0,-0.014868346544174238,0.0939504540397107
2025-06-10,1.0,0.0,0.0,0.0,0.0,0.0,0.0,0.0,0.0,0,0.0,-0.01821401412191137,0.04288326461840142
2025-06-11,1.0,0.0,0.0,0.0,0.0,0.0,0.0,0.0,0.0,0,0.0,-0.010666039792320392,-0.03198715494361515
2025-06-12,1.0,0.0,0.0,0.0,0.0,0.0,0.0,0.0,0.0,0,0.0,0.04714744806759863,0.021733369643226474
2025-06-13,1.0,0.0,0.0,0.0,0.0,0.0,0.0,0.0,0.0,0,0.0,0.06212615364904295,0.039023152096844704
2025-06-16,1.0,0.0,0.0,0.0,0.0,0.0,0.0,0.0,0.0,0,0.0,0.011825118414307223,0.01190270264875326
2025-06-17,1.0,0.0,0.0,0.0,0.0,0.0,0.0,0.0,0.0,0,0.0,-0.019423235117796644,-0.01841327590489994
2025-06-18,1.0,0.0,0.0,0.0,0.0,0.0,0.0,0.0,0.0,0,0.0,-0.03752107354381162,-0.042916820724429816
2025-06-20,1.0,0.0,0.0,0.0,0.0,0.0,0.0,0.0,0.0,0,0.0,-0.032802950788655916,-0.005847657241614401
2025-06-23,1.0,0.0,0.0,0.0,0.0,0.0,0.0,0.0,0.0,0,0.0,-0.03873953082641868,-0.06470260281669371
2025-06-24,1.0,0.0,0.0,0.0,0.0,0.0,0.0,0.0,0.0,0,0.0,-0.040343489661664345,0.0005519728036329496
2025-06-25,1.0,0.0,0.0,0.0,0.0,0.0,0.0,0.0,0.0,0,0.0,-0.09519628644979417,0.004014931942645461
2025-06-26,1.0,0.0,0.0,0.0,0.0,0.0,0.0,0.0,0.0,0,0.0,0.013639755248769925,0.014270539312174257
2025-06-27,1.0,0.0,0.0,0.0,0.0,0.0,0.0,0.0,0.0,0,0.0,-0.01817862207530374,-0.08134332441642678
2025-06-30,1.0,0.0,0.0,0.0,0.0,0.0,0.0,0.0,0.0,0,0.0,0.007994925780744122,0.0037434379967469233
2025-07-01,1.0,0.0,0.0,0.0,0.0,0.0,0.0,0.0,0.0,0,0.0,-0.05720533897554492,0.06704551281168492
2025-07-02,1.0,0.0,0.0,0.0,0.0,0.0,0.0,0.0,0.0,0,0.0,-0.10945653380828757,-0.011113456380876019
2025-07-03,1.0,0.0,0.0,0.0,0.0,0.0,0.0,0.0,0.0,0,0.0,-0.020262266448454858,-0.06531042387841024
2025-07-07,1.0,0.0,0.0,0.0,0.0,0.0,0.0,0.0,0.0,0,0.0,-0.03096867386102986,-0.0427013685584815
2025-07-08,1.0,0.0,0.0,0.0,0.0,0.0,0.0,0.0,0.0,0,0.0,-0.09361788328609688,0.005881165280809286
2025-07-09,1.0,0.0,0.0,0.0,0.0,0.0,0.0,0.0,0.0,0,0.0,-0.013204416735107749,-0.018399157151648526
2025-07-10,1.0,0.0,0.0,0.0,0.0,0.0,0.0,0.0,0.0,0,0.0,-0.029793826051021877,-0.009623349839119832
2025-07-11,1.0,0.0,0.0,0.0,0.0,0.0,0.0,0.0,0.0,0,0.0,-0.007691225243122601,-0.03489075816303322
2025-07-14,1.0,0.0,0.0,0.0,0.0,0.0,0.0,0.0,0.0,0,0.0,0.09792502228182198,0.04844950138394477
2025-07-15,1.0,0.0,0.0,0.0,0.0,0.0,0.0,0.0,0.0,0,0.0,-0.008713295632854945,-0.007205892394920088
2025-07-16,1.0,0.0,0.0,0.0,0.0,0.0,0.0,0.0,0.0,0,0.0,0.05592812914718559,0.024022411207580863
2025-07-17,1.0,0.0,0.0,0.0,0.0,0.0,0.0,0.0,0.0,0,0.0,-0.08531618041952871,-0.053830024755243566
2025-07-18,1.0,0.0,0.0,0.0,0.0,0.0,0.0,0.0,0.0,0,0.0,-0.10390760519787878,-0.14977839021255202
2025-07-21,1.0,0.0,0.0,0.0,0.0,0.0,0.0,0.0,0.0,0,0.0,0.05200990778237191,-0.04805855957084404
2025-07-22,1.0,0.0,0.0,0.0,0.0,0.0,0.0,0.0,0.0,0,0.0,0.01703654526412124,0.02931313455410356
2025-07-23,1.0,0.0,0.0,0.0,0.0,0.0,0.0,0.0,0.0,0,0.0,0.022324729950495614,0.018309680535034678
2025-07-24,1.0,0.0,0.0,0.0,0.0,0.0,0.0,0.0,0.0,0,0.0,0.0781506215112957,0.060027331862463784
2025-07-25,1.0,0.0,0.0,0.0,0.0,0.0,0.0,0.0,0.0,0,0.0,-0.004961886914543134,-0.07023999785777713
2025-07-28,1.0,0.0,0.0,0.0,0.0,0.0,0.0,0.0,0.0,0,0.0,-0.005550075099834517,0.05155163819238573
2025-07-29,1.0,0.0,0.0,0.0,0.0,0.0,0.0,0.0,0.0,0,0.0,0.16759876015774178,-0.07944882254700625
2025-07-30,3.0,1.0,1.0,0.0,1.0,0.0004760831780990642,0.32711116423404557,0.556491872109232,0.9362938546872986,1,0.0,0.06692063878746146,0.0022016416988146492
2025-07-31,3.0,1.0,1.0,0.0,1.0,0.0004760831780990642,0.32711116423404557,0.556491872109232,0.9362938546872986,0,-9.635912519811995e-05,0.11403915623148819,-0.10926096623612691
2025-08-01,3.0,0.0,0.0,0.0,0.0,0.0,0.0,0.0,0.0,1,0.002169183126506935,0.03763322557185811,0.15121230972534594
2025-08-04,3.0,0.0,0.0,0.0,0.0,0.0,0.0,0.0,0.0,0,-0.00040413010174389363,-0.062154742290777665,-0.04867352610475828
2025-08-05,3.0,0.0,0.0,0.0,0.0,0.0,0.0,0.0,0.0,0,0.0,0.03898730098858705,-0.009942709907182268
2025-08-06,3.0,0.0,0.0,0.0,0.0,0.0,0.0,0.0,0.0,0,0.0,0.07402616149436914,-0.2189771184916336
2025-08-07,3.0,0.0,0.0,0.0,0.0,0.0,0.0,0.0,0.0,0,0.0,0.029853569541246072,0.06799938056939792
2025-08-08,3.0,0.0,0.0,0.0,0.0,0.0,0.0,0.0,0.0,0,0.0,-0.0016434072034198222,0.031039743442262457
2025-08-11,3.0,0.0,0.0,0.0,0.0,0.0,0.0,0.0,0.0,0,0.0,0.04585169295953517,0.07720656993380381
2025-08-12,3.0,0.0,0.0,0.0,0.0,0.0,0.0,0.0,0.0,0,0.0,-0.049794759842349934,-0.023097672066350716
2025-08-13,3.0,0.0,0.0,0.0,0.0,0.0,0.0,0.0,0.0,0,0.0,0.022296689006106485,0.1151033893987814
2025-08-14,3.0,0.0,0.0,0.0,0.0,0.0,0.0,0.0,0.0,0,0.0,-0.02642199777865928,-0.02789184049792992
2025-08-15,3.0,0.0,0.0,0.0,0.0,0.0,0.0,0.0,0.0,0,0.0,0.006309908423916211,-0.06650303753036102
2025-08-18,3.0,0.0,0.0,0.0,0.0,0.0,0.0,0.0,0.0,0,0.0,-0.035550862100084624,-0.0011052913490214866
2025-08-19,3.0,0.0,0.0,0.0,0.0,0.0,0.0,0.0,0.0,0,0.0,0.046285614628279736,0.05089091445042593
2025-08-20,3.0,0.0,0.0,0.0,0.0,0.0,0.0,0.0,0.0,0,0.0,-0.002711604913677057,0.021529067483463837
2025-08-21,3.0,0.0,0.0,0.0,0.0,0.0,0.0,0.0,0.0,0,0.0,-0.004378271813111012,0.05411831447271087
2025-08-22,3.0,0.0,0.0,0.0,0.0,0.0,0.0,0.0,0.0,0,0.0,-0.1702428011191749,-0.162039411216377
2025-08-25,3.0,0.0,0.0,0.0,0.0,0.0,0.0,0.0,0.0,0,0.0,-0.028611165816928574,-0.04168572962936201
2025-08-26,3.0,0.0,0.0,0.0,0.0,0.0,0.0,0.0,0.0,0,0.0,-0.06840177072918396,-0.1115357091353848
2025-08-27,3.0,0.0,0.0,0.0,0.0,0.0,0.0,0.0,0.0,0,0.0,-0.06280546323577829,-0.06351692562650935
2025-08-28,3.0,0.0,0.0,0.0,0.0,0.0,0.0,0.0,0.0,0,0.0,0.009841340078045269,-0.20524754979373372
2025-08-29,3.0,0.0,0.0,0.0,0.0,0.0,0.0,0.0,0.0,0,0.0,0.028521019324387886,0.13412263915078504
2025-09-02,3.0,0.0,0.0,0.0,0.0,0.0,0.0,0.0,0.0,0,0.0,-0.015644473527278824,-0.12638836065703674
2025-09-03,3.0,0.0,0.0,0.0,0.0,0.0,0.0,0.0,0.0,0,0.0,-0.02981311806989595,-0.22395359846215868
2025-09-04,3.0,0.0,0.0,0.0,0.0,0.0,0.0,0.0,0.0,0,0.0,-0.05505471687287178,-0.15469780564565483
2025-09-05,3.0,0.0,0.0,0.0,0.0,0.0,0.0,0.0,0.0,0,0.0,-0.02659372475233257,-0.5528695718400582
2025-09-08,3.0,0.0,0.0,0.0,0.0,0.0,0.0,0.0,0.0,0,0.0,-0.06998752118119722,-1.0992853223447485
2025-09-09,3.0,0.0,0.0,0.0,0.0,0.0,0.0,0.0,0.0,0,0.0,0.03346027628596526,-9.391976785234569
2025-09-10,3.0,0.0,0.0,0.0,0.0,0.0,0.0,0.0,0.0,0,0.0,-0.03564084118492927,-1.6275934990589422
2025-09-11,3.0,0.0,0.0,0.0,0.0,0.0,0.0,0.0,0.0,0,0.0,0.13303971867808517,-1.7800678560143899
2025-09-12,3.0,0.0,0.0,0.0,0.0,0.0,0.0,0.0,0.0,0,0.0,-0.1261960741634841,-1.550698515516189
2025-09-15,3.0,0.0,0.0,0.0,0.0,0.0,0.0,0.0,0.0,0,0.0,0.03358982810373434,-0.6165659270124271
2025-09-16,3.0,0.0,0.0,0.0,0.0,0.0,0.0,0.0,0.0,0,0.0,0.12846850692023692,-6.426377930613255
2025-09-17,3.0,0.0,0.0,0.0,0.0,0.0,0.0,0.0,0.0,0,0.0,-0.06534938516053657,1.9357659865243217
2025-09-18,3.0,0.0,0.0,0.0,0.0,0.0,0.0,0.0,0.0,0,0.0,0.0182625923840134,0.4420260864336967
2025-09-19,3.0,0.0,0.0,0.0,0.0,0.0,0.0,0.0,0.0,0,0.0,0.0030994828489816495,0.08993113500260597
2025-09-22,3.0,0.0,0.0,0.0,0.0,0.0,0.0,0.0,0.0,0,0.0,0.11450391529044968,0.32244420205943647
2025-09-23,3.0,0.0,0.0,0.0,0.0,0.0,0.0,0.0,0.0,0,0.0,-0.07891269917791577,-0.13608531625672182
2025-09-24,3.0,0.0,0.0,0.0,0.0,0.0,0.0,0.0,0.0,0,0.0,-0.05706781937493843,0.016777980171303053
2025-09-25,3.0,0.0,0.0,0.0,0.0,0.0,0.0,0.0,0.0,0,0.0,-0.05573722408784976,-0.203329176104463
2025-09-26,3.0,0.0,0.0,0.0,0.0,0.0,0.0,0.0,0.0,0,0.0,-0.009577951311520394,-0.026033561657400672
2025-09-29,3.0,0.0,0.0,0.0,0.0,0.0,0.0,0.0,0.0,0,0.0,0.11741283891376941,0.23871039424735274
2025-09-30,3.0,0.0,0.0,0.0,0.0,0.0,0.0,0.0,0.0,0,0.0,0.03966673175645985,0.2959657526139292
2025-10-01,3.0,0.0,0.0,0.0,0.0,0.0,0.0,0.0,0.0,0,0.0,0.04219471153083876,0.432768928029575
2025-10-02,3.0,0.0,0.0,0.0,0.0,0.0,0.0,0.0,0.0,0,0.0,-0.0950566901387161,-0.16125522004905202
2025-10-03,3.0,0.0,0.0,0.0,0.0,0.0,0.0,0.0,0.0,0,0.0,-0.11272948905006841,-0.24951517217141672
2025-10-06,3.0,0.0,0.0,0.0,0.0,0.0,0.0,0.0,0.0,0,0.0,0.0007255517024178371,0.1446712268135415
2025-10-07,3.0,0.0,0.0,0.0,0.0,0.0,0.0,0.0,0.0,0,0.0,0.016618711447675683,-0.12300440606231666
2025-10-08,3.0,0.0,0.0,0.0,0.0,0.0,0.0,0.0,0.0,0,0.0,0.014173953679501583,-0.3018077862261953
2025-10-09,3.0,0.0,0.0,0.0,0.0,0.0,0.0,0.0,0.0,0,0.0,-0.035503206711228086,-0.2933624723732956
2025-10-10,3.0,0.0,0.0,0.0,0.0,0.0,0.0,0.0,0.0,0,0.0,0.22598132429324802,0.33681210401034933
2025-10-13,3.0,0.0,0.0,0.0,0.0,0.0,0.0,0.0,0.0,0,0.0,-0.12593397735057954,-0.9534065346638002
2025-10-14,3.0,0.0,0.0,0.0,0.0,0.0,0.0,0.0,0.0,0,0.0,-0.038670723032172116,5.845173703016248
2025-10-15,3.0,0.0,0.0,0.0,0.0,0.0,0.0,0.0,0.0,0,0.0,0.12919466213756725,1.4958726810214547
2025-10-16,3.0,0.0,0.0,0.0,0.0,0.0,0.0,0.0,0.0,0,0.0,0.25887732202266367,0.3948831231686185
2025-10-17,3.0,0.0,0.0,0.0,0.0,0.0,0.0,0.0,0.0,0,0.0,-0.0287604533146808,0.08958387132265622
2025-10-20,3.0,0.0,0.0,0.0,0.0,0.0,0.0,0.0,0.0,0,0.0,-0.11023464689902707,0.32142027058122213
2025-10-21,3.0,0.0,0.0,0.0,0.0,0.0,0.0,0.0,0.0,0,0.0,-0.02547399508460746,0.06090647426849127
2025-10-22,3.0,0.0,0.0,0.0,0.0,0.0,0.0,0.0,0.0,0,0.0,0.023012044460740233,-0.229876945239039
2025-10-23,3.0,0.0,0.0,0.0,0.0,0.0,0.0,0.0,0.0,0,0.0,0.025706669391227788,0.025966659963303496
2025-10-24,3.0,0.0,0.0,0.0,0.0,0.0,0.0,0.0,0.0,0,0.0,-0.07493422291280216,-0.13483781697482733
2025-10-27,3.0,0.0,0.0,0.0,0.0,0.0,0.0,0.0,0.0,0,0.0,0.10592082145821213,0.2357741262827262
2025-10-28,3.0,0.0,0.0,0.0,0.0,0.0,0.0,0.0,0.0,0,0.0,-0.07063912798274041,-0.39103995750592935
2025-10-29,3.0,0.0,0.0,0.0,0.0,0.0,0.0,0.0,0.0,0,0.0,-0.020939928157513776,-0.4601286632332139
2025-10-30,3.0,0.0,0.0,0.0,0.0,0.0,0.0,0.0,0.0,0,0.0,0.04505204489752668,1.622106525951219
2025-10-31,3.0,0.0,0.0,0.0,0.0,0.0,0.0,0.0,0.0,0,0.0,-0.01054727583223436,0.3275613738328609
2025-11-03,3.0,0.0,0.0,0.0,0.0,0.0,0.0,0.0,0.0,0,0.0,0.1828714225591419,0.3552024717220488
2025-11-04,3.0,0.0,0.0,0.0,0.0,0.0,0.0,0.0,0.0,0,0.0,0.08227811439312949,0.18342765351349
2025-11-05,3.0,0.0,0.0,0.0,0.0,0.0,0.0,0.0,0.0,0,0.0,0.012628128892401502,-0.13565453032657804
2025-11-06,3.0,0.0,0.0,0.0,0.0,0.0,0.0,0.0,0.0,0,0.0,-0.029718874819817054,-0.1765625777250862
2025-11-07,3.0,0.0,0.0,0.0,0.0,0.0,0.0,0.0,0.0,0,0.0,0.023408465894921404,0.05624262279375536
2025-11-10,3.0,0.0,0.0,0.0,0.0,0.0,0.0,0.0,0.0,0,0.0,-0.022049730436628612,-0.03124750801750964
2025-11-11,3.0,0.0,0.0,0.0,0.0,0.0,0.0,0.0,0.0,0,0.0,0.0371788405020379,0.15451395843296867
2025-11-12,3.0,0.0,0.0,0.0,0.0,0.0,0.0,0.0,0.0,0,0.0,0.010235909396452136,-0.07125293303093838
2025-11-13,3.0,0.0,0.0,0.0,0.0,0.0,0.0,0.0,0.0,0,0.0,0.03194420085082905,-0.0014286709124006203
2025-11-14,3.0,0.0,0.0,0.0,0.0,0.0,0.0,0.0,0.0,0,0.0,-0.05330008080063364,-0.2298305111343356
2025-11-17,3.0,0.0,0.0,0.0,0.0,0.0,0.0,0.0,0.0,0,0.0,0.07686284711953473,0.15839413024237303
2025-11-18,3.0,0.0,0.0,0.0,0.0,0.0,0.0,0.0,0.0,0,0.0,-0.06911499980621316,-0.146687483772175
2025-11-19,3.0,1.0,1.0,1.0,0.0,0.0011957803674629759,0.4352856808772808,2.1908266240351466,3.725802214048203,1,0.0,-0.02547955027580684,-0.31016962493695266
2025-11-20,3.0,1.0,1.0,1.0,0.0,0.0011957803674629759,0.4352856808772808,2.1908266240351466,3.725802214048203,0,-0.00010818888664254622,0.0718228997092567,-0.05203979298152994
2025-11-21,3.0,1.0,1.0,1.0,0.0,0.0011957803674629759,0.4352856808772808,2.1908266240351466,3.725802214048203,0,0.00433206381439466,-0.05735842232738819,-0.15757299164239857
2025-11-24,3.0,1.0,1.0,1.0,0.0,0.0011957803674629759,0.4352856808772808,2.1908266240351466,3.725802214048203,0,0.004883977238319792,-0.001140037042494213,-0.9384345959018611
2025-11-25,1.0,0.0,0.0,0.0,0.0,0.0,0.0,0.0,0.0,1,0.004760376304778768,-0.07748287882008831,-9.44746728059705
2025-11-26,1.0,0.0,0.0,0.0,0.0,0.0,0.0,0.0,0.0,0,0.0020359006767782795,-0.021288453417346087,0.7729497757378265
2025-11-28,1.0,0.0,0.0,0.0,0.0,0.0,0.0,0.0,0.0,0,0.0,-0.009533259306383934,0.014169134219689683
2025-12-01,1.0,0.0,0.0,0.0,0.0,0.0,0.0,0.0,0.0,0,0.0,-0.03342359027851871,-0.03592672852438483
2025-12-02,1.0,0.0,0.0,0.0,0.0,0.0,0.0,0.0,0.0,0,0.0,0.07634949136168268,-0.6151448842191075
2025-12-03,1.0,0.0,0.0,0.0,0.0,0.0,0.0,0.0,0.0,0,0.0,-0.04503426887731066,-1.2697567762306237
2025-12-04,1.0,0.0,0.0,0.0,0.0,0.0,0.0,0.0,0.0,0,0.0,-0.11655254660810976,-2.0085506297706273
2025-12-05,1.0,0.0,0.0,0.0,0.0,0.0,0.0,0.0,0.0,0,0.0,0.042914957617388616,3.1771984023815927
2025-12-08,1.0,0.0,0.0,0.0,0.0,0.0,0.0,0.0,0.0,0,0.0,-0.14033060180434087,0.8242657402039304
2025-12-09,1.0,0.0,0.0,0.0,0.0,0.0,0.0,0.0,0.0,0,0.0,-0.06017362042884078,1.0960299082630849
2025-12-10,4.0,1.0,1.0,0.0,1.0,0.003362533084407282,0.4978236953418176,0.5548042085795443,0.738916743011767,1,0.0,-0.24423985646699808,0.24067824303993102
2025-12-11,4.0,1.0,1.0,0.0,1.0,0.003362533084407282,0.4978236953418176,0.5548042085795443,0.738916743011767,0,-0.00010281880472107208,0.11756214170703383,-0.2801004182844504
2025-12-12,6.0,1.0,2.0,1.0,1.0,0.00599614437759513,0.760252530800201,1.0005018743766891,2.2671948120507097,1,-0.0074148858163284315,0.1137400769134913,-1.0392998818228507
2025-12-15,6.0,1.0,2.0,1.0,1.0,0.00599614437759513,0.760252530800201,1.0005018743766891,2.2671948120507097,0,-0.0034040186558500496,0.2567273551273648,23.07883037538817
2025-12-16,6.0,0.0,0.0,0.0,0.0,0.0,0.0,0.0,0.0,1,0.002069380527996545,-0.060773139780193164,0.05733808754602232
2025-12-17,6.0,0.0,0.0,0.0,0.0,0.0,0.0,0.0,0.0,0,0.0001287923039181571,-0.049011283654772364,0.16366270685842021
2025-12-18,6.0,0.0,0.0,0.0,0.0,0.0,0.0,0.0,0.0,0,0.0,0.05339978637096143,0.13348167166923108
2025-12-19,6.0,0.0,0.0,0.0,0.0,0.0,0.0,0.0,0.0,0,0.0,0.10084772638181505,0.06969914222570583
2025-12-22,6.0,0.0,0.0,0.0,0.0,0.0,0.0,0.0,0.0,0,0.0,-0.020977358073668073,0.010451982344921396
2025-12-23,6.0,0.0,0.0,0.0,0.0,0.0,0.0,0.0,0.0,0,0.0,0.027716659276916467,-0.2068476666881529
2025-12-24,6.0,0.0,0.0,0.0,0.0,0.0,0.0,0.0,0.0,0,0.0,0.01662018365602247,0.02852099478190384
2025-12-26,6.0,0.0,0.0,0.0,0.0,0.0,0.0,0.0,0.0,0,0.0,0.011419254415018676,0.06064160638286853
2025-12-29,6.0,0.0,0.0,0.0,0.0,0.0,0.0,0.0,0.0,0,0.0,0.043799997523652046,-0.01849429709090822
2025-12-30,6.0,0.0,0.0,0.0,0.0,0.0,0.0,0.0,0.0,0,0.0,0.03677809886350025,-0.002239178676052611
2025-12-31,6.0,0.0,0.0,0.0,0.0,0.0,0.0,0.0,0.0,0,0.0,-0.0019109683198594851,-0.012952734641698993
2026-01-02,6.0,0.0,0.0,0.0,0.0,0.0,0.0,0.0,0.0,0,0.0,0.013811884203694724,0.38061419974553723
2026-01-05,6.0,0.0,0.0,0.0,0.0,0.0,0.0,0.0,0.0,0,0.0,-0.027179569159753614,0.01147642989845643
2026-01-06,6.0,0.0,0.0,0.0,0.0,0.0,0.0,0.0,0.0,0,0.0,0.12814500723096178,0.25782012779050256
2026-01-07,6.0,0.0,0.0,0.0,0.0,0.0,0.0,0.0,0.0,0,0.0,0.0368121601760425,-0.3109355333159842
2026-01-08,6.0,0.0,0.0,0.0,0.0,0.0,0.0,0.0,0.0,0,0.0,-0.0975342920164971,-0.12276420306727032
2026-01-09,6.0,0.0,0.0,0.0,0.0,0.0,0.0,0.0,0.0,0,0.0,0.15882877849352406,0.031134205416398775
2026-01-12,3.0,1.0,1.0,0.0,1.0,0.0008431857794370986,0.30635916873434166,0.5923724161010748,0.952075659555371,1,0.0,0.07496397607283378,-0.092965907207464
2026-01-13,3.0,1.0,1.0,0.0,1.0,0.0008431857794370986,0.30635916873434166,0.5923724161010748,0.952075659555371,0,-8.092393500291895e-05,-0.11358757359298755,-0.17366641338655664
2026-01-14,5.0,0.0,0.0,0.0,0.0,0.0,0.0,0.0,0.0,1,-0.003654070123033426,-0.01363055740463448,0.31010203070417197
2026-01-15,5.0,0.0,0.0,0.0,0.0,0.0,0.0,0.0,0.0,0,-0.005038591400325698,0.0006199956052512778,0.25285079701731594
2026-01-16,4.0,1.0,1.0,0.0,1.0,0.0022119524713428264,0.45491232614419663,0.7725837905716008,1.4780279616707555,1,0.0,0.03191650602018781,0.09944144875967931
2026-01-20,5.0,1.0,1.0,0.0,1.0,0.0009416132075692068,0.6315113479949839,0.6020362559652043,0.2782278244850511,1,-0.0001065057978905104,-0.12796178711336792,-0.08649320727144738
2026-01-21,3.0,1.0,1.0,0.0,1.0,0.00513766332580961,0.5975584582749218,0.5215829009810675,0.4421417193861659,1,-0.007279865969623933,-0.11267236386641089,-0.23953493977653995
2026-01-22,3.0,1.0,2.0,0.0,2.0,0.005612526672736828,0.8639532982578222,0.5194322672232419,0.40757357420567986,1,-0.0019473487146507429,0.08305812430774906,0.20878175257469844
2026-01-23,2.0,0.0,0.0,0.0,0.0,0.0,0.0,0.0,0.0,1,-0.008283302711827423,0.018988074708401248,0.21393420498857219
2026-01-26,2.0,0.0,0.0,0.0,0.0,0.0,0.0,0.0,0.0,0,0.0043411375782529404,0.0764680072698789,0.11699797716680704
2026-01-27,2.0,0.0,0.0,0.0,0.0,0.0,0.0,0.0,0.0,0,0.0,0.06259228021050434,0.28433730354455666
2026-01-28,2.0,0.0,0.0,0.0,0.0,0.0,0.0,0.0,0.0,0,0.0,0.05738938130438331,-0.04876009419532534
2026-01-29,2.0,0.0,0.0,0.0,0.0,0.0,0.0,0.0,0.0,0,0.0,0.034337802381794846,0.14087666701328172
2026-01-30,2.0,0.0,0.0,0.0,0.0,0.0,0.0,0.0,0.0,0,0.0,-0.1292438747837653,-0.5537137433409087
2026-02-02,2.0,0.0,0.0,0.0,0.0,0.0,0.0,0.0,0.0,0,0.0,-0.1126434874491632,-0.2709155785846572
2026-02-03,2.0,0.0,0.0,0.0,0.0,0.0,0.0,0.0,0.0,0,0.0,-0.28163439180814165,-0.28772447847466565
2026-02-04,2.0,0.0,0.0,0.0,0.0,0.0,0.0,0.0,0.0,0,0.0,-0.24032118688374493,0.04088562752172642
2026-02-05,2.0,0.0,0.0,0.0,0.0,0.0,0.0,0.0,0.0,0,0.0,0.06517588960864451,-0.09186348480235385
2026-02-06,2.0,0.0,0.0,0.0,0.0,0.0,0.0,0.0,0.0,0,0.0,0.22517279852048078,-0.0410756317731652
2026-02-09,2.0,0.0,0.0,0.0,0.0,0.0,0.0,0.0,0.0,0,0.0,0.16304869475410055,-0.5770187925078847
2026-02-10,2.0,0.0,0.0,0.0,0.0,0.0,0.0,0.0,0.0,0,0.0,-0.17813516015798758,-0.9171912951525061
2026-02-11,2.0,0.0,0.0,0.0,0.0,0.0,0.0,0.0,0.0,0,0.0,0.04237190279838243,22.9300487301022
2026-02-12,6.0,1.0,1.0,1.0,0.0,0.0041306531498088205,0.6599999999999999,1.4993168998211786,2.3854486692500974,1,0.0,-0.09643953086504953,1.0868420782015815
2026-02-13,6.0,1.0,1.0,1.0,0.0,0.0041306531498088205,0.6599999999999999,1.4993168998211786,2.3854486692500974,0,-0.00015269019431385367,0.1676875483848259,0.03496091692878123
2026-02-17,0.0,0.0,0.0,0.0,0.0,0.0,0.0,0.0,0.0,1,0.005348843451648433,0.005363648212151739,-0.0039193538089258295
2026-02-18,0.0,0.0,0.0,0.0,0.0,0.0,0.0,0.0,0.0,0,0.011572049510084614,0.03311655218263576,-0.10572102252901472
2026-02-19,0.0,0.0,0.0,0.0,0.0,0.0,0.0,0.0,0.0,0,0.0009334169749395382,0.05168968212785763,-0.06503667437625915
2026-02-20,0.0,0.0,0.0,0.0,0.0,0.0,0.0,0.0,0.0,0,-0.0025767695907040755,-0.12414375973297986,-0.19175124909930585
2026-02-23,4.0,1.0,1.0,0.0,1.0,0.0019684491507794785,0.6102806087172084,0.8990728204476418,0.8873633541111255,1,0.0036570045318491395,0.3437393101055648,0.7809903406309053
2026-02-24,3.0,1.0,2.0,0.0,2.0,0.010544424110223275,1.0083333333333335,0.7953841799391919,0.42958858847948866,1,-0.002674825715903717,0.035183923353281576,0.056120850751394835
2026-02-25,3.0,1.0,2.0,0.0,2.0,0.010544424110223275,1.0083333333333335,0.7953841799391919,0.42958858847948866,0,0.004489824715120827,-0.010277652983093244,-0.22666505197316078
2026-02-26,3.0,1.0,2.0,0.0,2.0,0.010544424110223275,1.0083333333333335,0.7953841799391919,0.42958858847948866,0,0.0009410062057257917,-0.08303918452263148,0.006178249002358749
2026-02-27,3.0,1.0,3.0,1.0,2.0,0.004519583345476739,0.8601053147741526,1.7348737372666532,2.59193546285238,1,-0.0016998879301337588,0.22480104478039764,1.0430905275373314
2026-03-02,3.0,1.0,3.0,1.0,2.0,0.004519583345476739,0.8601053147741526,1.7348737372666532,2.59193546285238,0,-0.011270602180355804,-0.11078566463267958,-0.15082276691899454
2026-03-03,3.0,1.0,3.0,1.0,2.0,0.004519583345476739,0.8601053147741526,1.7348737372666532,2.59193546285238,0,0.004317932468347996,-0.060708140267286215,-0.03047841949099328
2026-03-04,3.0,1.0,3.0,1.0,2.0,0.004519583345476739,0.8601053147741526,1.7348737372666532,2.59193546285238,0,-0.003512069404436935,0.06734306284659186,-0.07527049030201738
2026-03-05,2.0,0.0,1.0,0.0,1.0,0.009635738268243444,0.6599999999999999,0.6916955394307418,1.5352888694356412,1,0.004109511926934761,0.047218108986033513,-0.23780315693282505
2026-03-06,2.0,0.0,1.0,0.0,1.0,0.009635738268243444,0.6599999999999999,0.6916955394307418,1.5352888694356412,0,-0.0040828288450808214,-0.05593926431297236,-0.29911359008227045
2026-03-09,2.0,0.0,1.0,0.0,1.0,0.009635738268243444,0.6599999999999999,0.6916955394307418,1.5352888694356412,0,0.001583340374760711,0.19174025071939127,0.18763761923786637
2026-03-10,3.0,0.0,0.0,0.0,0.0,0.0,0.0,0.0,0.0,1,-0.008530213084473881,-0.021761918773060107,0.06087055648357853
2026-03-11,3.0,1.0,1.0,0.0,1.0,0.0033286325071808713,0.43558604985947796,0.5326713682975844,0.6118070362894396,1,0.009828746214049389,0.042150957986484716,-0.30083392065922676
2026-03-12,3.0,1.0,1.0,0.0,1.0,0.0033286325071808713,0.43558604985947796,0.5326713682975844,0.6118070362894396,0,-0.00010350726390273568,0.052698315467831325,-0.03811439930858074
2026-03-13,3.0,0.0,0.0,0.0,0.0,0.0,0.0,0.0,0.0,1,0.0018039685420030427,0.056368742362129964,0.9475197719425104
2026-03-16,3.0,0.0,0.0,0.0,0.0,0.0,0.0,0.0,0.0,0,-0.0016485686874240235,-0.004673513983196265,-0.18334341403362708
2026-03-17,3.0,0.0,0.0,0.0,0.0,0.0,0.0,0.0,0.0,0,0.0,-0.017912610631115822,0.26943645511484515
2026-03-18,3.0,0.0,0.0,0.0,0.0,0.0,0.0,0.0,0.0,0,0.0,-0.016498918500176263,0.013108920266043267
2026-03-19,3.0,0.0,0.0,0.0,0.0,0.0,0.0,0.0,0.0,0,0.0,0.15472325342796034,0.1762973281865834
2026-03-20,4.0,1.0,1.0,1.0,0.0,0.029755276765756143,0.45596123733126626,1.832469946315679,1.6653401988869927,1,0.0,0.004370801823044834,-0.041137690947680494
2026-03-23,4.0,1.0,1.0,1.0,0.0,0.029755276765756143,0.45596123733126626,1.832469946315679,1.6653401988869927,0,-9.829908650016428e-05,-0.04781207575532842,-0.34363184620288245
2026-03-24,3.0,0.0,0.0,0.0,0.0,0.0,0.0,0.0,0.0,1,0.021026386072690917,-0.021640318150959792,-0.20343072824788222
2026-03-25,3.0,0.0,0.0,0.0,0.0,0.0,0.0,0.0,0.0,0,-0.0023346231231721193,0.020334321721368953,-0.23241179691279812
2026-03-26,3.0,0.0,0.0,0.0,0.0,0.0,0.0,0.0,0.0,0,0.0,-0.13024089761261282,-0.006458524101719987
2026-03-27,5.0,1.0,1.0,0.0,1.0,0.007586240102844132,0.6326129796957762,0.7327549360222456,0.9191184490334238,1,0.0,0.006049135228328284,0.2516008967470027
2026-03-30,5.0,1.0,1.0,0.0,1.0,0.007586240102844132,0.6326129796957762,0.7327549360222456,0.9191184490334238,0,-0.00014939310062811462,-0.04854955915046577,0.2595835452529973
2026-03-31,5.0,1.0,1.0,0.0,1.0,0.007586240102844132,0.6326129796957762,0.7327549360222456,0.9191184490334238,0,0.0033846383296098903,-0.010301483526224287,-0.24687561440086048
2026-04-01,5.0,1.0,1.0,0.0,1.0,0.007586240102844132,0.6326129796957762,0.7327549360222456,0.9191184490334238,0,-0.005092224711836124,0.021018105507107254,0.0622958670520386
2026-04-02,5.0,1.0,1.0,0.0,1.0,0.007586240102844132,0.6326129796957762,0.7327549360222456,0.9191184490334238,0,-8.65192964794037e-06,0.05945663332529261,0.025442310739111296
2026-04-06,5.0,1.0,1.0,0.0,1.0,0.007586240102844132,0.6326129796957762,0.7327549360222456,0.9191184490334238,0,0.005760195733290674,-0.0003221353217380818,0.5997896804517842
2026-04-07,5.0,1.0,1.0,0.0,1.0,0.007586240102844132,0.6326129796957762,0.7327549360222456,0.9191184490334238,0,-0.003541358159275809,-0.014985800069072575,-0.6090006816846165
2026-04-08,5.0,1.0,1.0,0.0,1.0,0.007586240102844132,0.6326129796957762,0.7327549360222456,0.9191184490334238,0,-0.0019909547920330395,0.07332492622015829,-0.12083829490457598
2026-04-09,2.0,1.0,2.0,0.0,2.0,0.010991421152973593,0.8345429560312044,0.6954925551006844,1.1738802831018842,1,-0.003917632057179654,-0.03688889777795801,1.1460217737017349
2026-04-10,1.0,0.0,1.0,0.0,1.0,0.0027247344068712025,0.3358309497214106,0.6582301741791232,0.6890321440783779,1,-0.0003109143049129237,0.04041982067368943,-0.20185721019698155
2026-04-13,3.0,0.0,0.0,0.0,0.0,0.0,0.0,0.0,0.0,1,-0.0011993007027094604,0.003874193790467384,-0.5165257409375796
2026-04-14,3.0,0.0,0.0,0.0,0.0,0.0,0.0,0.0,0.0,0,0.004566378066201748,0.08891727452359999,0.09987143362696593
2026-04-15,3.0,0.0,0.0,0.0,0.0,0.0,0.0,0.0,0.0,0,0.0,-0.008026520768203649,-1.0654575900198708
2026-04-16,3.0,0.0,0.0,0.0,0.0,0.0,0.0,0.0,0.0,0,0.0,0.04885335634676391,4.860652506069776
2026-04-17,5.0,1.0,1.0,0.0,1.0,0.012073940696524394,0.6599999999999999,0.7025211242248982,0.7542171164915934,1,0.0,0.06178668584600344,-2.729439321593235
2026-04-20,5.0,1.0,1.0,0.0,1.0,0.012073940696524394,0.6599999999999999,0.7025211242248982,0.7542171164915934,0,-0.00012195213057919485,-0.02586004009734666,0.37684604419190837
2026-04-21,7.0,1.0,1.0,0.0,1.0,0.00891173025681711,0.5962910755486921,0.6810388617844424,1.126320701479985,1,0.00235359912066202,-0.04488921739554108,-1.710602545455807
2026-04-22,7.0,1.0,1.0,0.0,1.0,0.00891173025681711,0.5962910755486921,0.6810388617844424,1.126320701479985,0,0.00424556272281329,0.053954904330207665,1.4941674673400747
2026-04-23,7.0,0.0,0.0,0.0,0.0,0.0,0.0,0.0,0.0,1,0.004883345611082834,-0.03174539258873421,-0.32077382179942315
2026-04-24,7.0,1.0,1.0,0.0,1.0,0.0034848014849849993,0.34457829870727846,0.6145870271020717,0.8943479487849241,1,0.0029738017084111057,0.10225235669835087,-1.098801268402133
2026-04-27,7.0,1.0,1.0,0.0,1.0,0.008162955892586301,0.6331361153890506,0.7591246278501943,0.6651152068566608,1,-8.911997224858581e-05,-0.07886741356381388,-8.237482905894431
2026-04-28,7.0,1.0,1.0,0.0,1.0,0.008162955892586301,0.6331361153890506,0.7591246278501943,0.6651152068566608,0,0.0017133037988166233,-0.03842690566812457,-0.8849210107118985
2026-04-29,7.0,0.0,0.0,0.0,0.0,0.0,0.0,0.0,0.0,1,0.009691787866189516,0.0455547242128278,0.485248244518808
2026-04-30,7.0,3.0,3.0,1.0,2.0,0.0034488213875058047,0.8878763047955136,0.9022756074697934,1.3728351505560632,1,0.012380906370313527,-0.08829112153871321,17.02707183693091
2026-05-01,7.0,3.0,3.0,1.0,2.0,0.0034488213875058047,0.8878763047955136,0.9022756074697934,1.3728351505560632,0,-0.00019202052412170545,0.01390159338468977,0.09309059773475648
2026-05-04,4.0,1.0,3.0,1.0,2.0,0.0026218582039857097,1.0318403619889684,0.8355523190086626,0.2995786145389874,1,0.0019324700516560878,0.04332668805456086,0.12787365048024069
2026-05-05,3.0,0.0,1.0,1.0,0.0,0.006417793193630309,0.8685578253113875,0.9583999185413281,0.33680330255141067,1,-0.006353700038281729,-0.005364038901352286,0.8392718341696332
2026-05-06,3.0,0.0,1.0,1.0,0.0,0.006417793193630309,0.8685578253113875,0.9583999185413281,0.33680330255141067,0,0.019389789020289427,0.20537436198908976,-0.22327389120600438
2026-05-07,3.0,0.0,0.0,0.0,0.0,0.0,0.0,0.0,0.0,1,0.015408231531268246,0.003990948023923746,-0.17062282340528423
2026-05-08,3.0,1.0,1.0,1.0,0.0,0.014361840226510734,0.9027632551530391,1.103463997828245,3.038681036300332,1,-0.007413798093247159,0.1210866231066039,0.33669458099272465
2026-05-11,3.0,1.0,1.0,1.0,0.0,0.014361840226510734,0.9027632551530391,1.103463997828245,3.038681036300332,0,-0.00019256352714802638,0.02550945167689722,0.030439514482355268
2026-05-12,2.0,0.0,0.0,0.0,0.0,0.0,0.0,0.0,0.0,1,-0.0031182605489192827,-0.04004619225736916,0.018704748861368747
2026-05-13,2.0,0.0,0.0,0.0,0.0,0.0,0.0,0.0,0.0,0,0.004034076293431443,0.09205876580162164,-0.20023704574406642
2026-05-14,2.0,0.0,0.0,0.0,0.0,0.0,0.0,0.0,0.0,0,0.0,-0.0006063559299659405,0.16115772407304463
2026-05-15,2.0,0.0,0.0,0.0,0.0,0.0,0.0,0.0,0.0,0,0.0,-0.03607368642779751,0.05461451743177226
2026-05-18,2.0,0.0,0.0,0.0,0.0,0.0,0.0,0.0,0.0,0,0.0,-0.034481604015627054,0.015482142295025092
2026-05-19,2.0,0.0,0.0,0.0,0.0,0.0,0.0,0.0,0.0,0,0.0,-0.02103411658407639,-0.15024671925790734
2026-05-20,2.0,0.0,0.0,0.0,0.0,0.0,0.0,0.0,0.0,0,0.0,0.03384587336105982,-0.246579570617651
2026-05-21,2.0,0.0,0.0,0.0,0.0,0.0,0.0,0.0,0.0,0,0.0,0.047750382898538835,-0.20646149985130846
2026-05-22,2.0,0.0,0.0,0.0,0.0,0.0,0.0,0.0,0.0,0,0.0,0.04254815793890909,0.5875052865810326
2026-05-26,2.0,0.0,0.0,0.0,0.0,0.0,0.0,0.0,0.0,0,0.0,0.052057931063392626,-0.036696760492103686
2026-05-27,2.0,0.0,0.0,0.0,0.0,0.0,0.0,0.0,0.0,0,0.0,-0.007631688596932862,0.1175241285297044
2026-05-28,2.0,1.0,1.0,0.0,1.0,0.00645179812938175,0.6539908884071794,0.8812642724933252,1.47416654122666,1,0.0,-0.10685018808752156,0.17274194374159757
2026-05-29,2.0,1.0,1.0,0.0,1.0,0.00645179812938175,0.6539908884071794,0.8812642724933252,1.47416654122666,0,-0.0001474825857911144,0.1293601773188664,0.8621545316794823
2026-06-01,2.0,1.0,1.0,0.0,1.0,0.00645179812938175,0.6539908884071794,0.8812642724933252,1.47416654122666,0,-0.0022342587270398617,0.07691842339199528,0.18674776945935823
2026-06-02,2.0,0.0,0.0,0.0,0.0,0.0,0.0,0.0,0.0,1,0.009309759100843085,-0.047155687852446615,0.0008142045679861987
2026-06-03,2.0,1.0,1.0,1.0,0.0,0.003364354354830447,0.6600000000000001,1.0136004807338206,1.8923700047480687,1,0.013693014016839644,0.04132938839463307,-0.15019136714073855
2026-06-04,2.0,1.0,1.0,1.0,0.0,0.003364354354830447,0.6600000000000001,1.0136004807338206,1.8923700047480687,0,-0.0001549398885996034,-0.08793211463608375,-0.3588564171755486
2026-06-05,2.0,1.0,1.0,1.0,0.0,0.003364354354830447,0.6600000000000001,1.0136004807338206,1.8923700047480687,0,0.0002814438526077545,-0.10844907325505748,-0.06241913698808177
2026-06-08,4.0,0.0,0.0,0.0,0.0,0.0,0.0,0.0,0.0,1,0.008136644812458238,0.038969590410840915,-0.20230824960584648
2026-06-09,4.0,0.0,0.0,0.0,0.0,0.0,0.0,0.0,0.0,0,-0.007184046613650019,-0.08135683572292696,-0.22997758949492553
2026-06-10,4.0,1.0,1.0,0.0,1.0,0.003514927655081902,0.6599999999999999,0.5507446186642537,0.8540020008732172,1,0.0,-0.031193512153793956,-0.37529754218064215
2026-06-11,4.0,1.0,1.0,0.0,1.0,0.003514927655081902,0.6599999999999999,0.5507446186642537,0.8540020008732172,0,-0.00015400737391102481,0.14047203723715396,-0.700677523855396
2026-06-12,4.0,0.0,0.0,0.0,0.0,0.0,0.0,0.0,0.0,1,-0.0036515867839779226,-0.004391866767314179,-1.8559212920474941
2026-06-15,4.0,0.0,0.0,0.0,0.0,0.0,0.0,0.0,0.0,0,0.013800641284788417,0.1011686069853408,-1.8447535362154515
2026-06-16,4.0,0.0,0.0,0.0,0.0,0.0,0.0,0.0,0.0,0,0.0,-0.07044630760020454,4.2482704303243555
2026-06-17,4.0,0.0,0.0,0.0,0.0,0.0,0.0,0.0,0.0,0,0.0,0.08161101227680834,0.22641986515044632
2026-06-18,4.0,0.0,0.0,0.0,0.0,0.0,0.0,0.0,0.0,0,0.0,0.02784549975654871,-0.6174219667323635
2026-06-22,4.0,0.0,0.0,0.0,0.0,0.0,0.0,0.0,0.0,0,0.0,0.06040806017932532,-1.615742059322522
2026-06-23,4.0,0.0,0.0,0.0,0.0,0.0,0.0,0.0,0.0,0,0.0,-0.12219518278831742,-3.185285773385443
2026-06-24,7.0,1.0,1.0,1.0,0.0,0.01497523635223793,0.6801790084297188,1.270399951344922,1.7895890562125503,1,0.0,0.008239247752741985,0.269516060264297
2026-06-25,7.0,1.0,2.0,2.0,0.0,0.0037211074717658143,0.6056320159229793,1.1513752091753844,1.0647654274000482,1,-0.0001391991716326313,-0.04696536228557757,-1.1218554682066944
2026-06-26,5.0,1.0,3.0,2.0,1.0,0.011077668860539762,0.698110982724071,0.9385529309910353,0.7448763084095796,1,-0.007162820886385202,-0.03974779565597397,3.3798075940760075
2026-06-29,5.0,1.0,3.0,2.0,1.0,0.011077668860539762,0.698110982724071,0.9385529309910353,0.7448763084095796,0,-0.0033593539067334754,0.048360192401448066,1.8802607914919203
2026-06-30,4.0,0.0,1.0,0.0,1.0,0.003262696944725223,0.3526114770508497,0.5129083746223371,0.1377460437062461,1,0.012452582338640328,0.1264516407939451,0.6070495298167291
2026-07-01,4.0,0.0,1.0,0.0,1.0,0.003262696944725223,0.3526114770508497,0.5129083746223371,0.1377460437062461,0,0.002376800290653902,-0.16353614007035933,-1.0668476325278444
2026-07-02,3.0,0.0,0.0,0.0,0.0,0.0,0.0,0.0,0.0,1,-0.009731914338409364,-0.090838435666738,7.000733346635167
2026-07-06,3.0,0.0,0.0,0.0,0.0,0.0,0.0,0.0,0.0,0,0.007505171807940636,-0.027855237621916995,1.1059488105214226
2026-07-07,3.0,0.0,0.0,0.0,0.0,0.0,0.0,0.0,0.0,0,0.0,0.0016930194839095414,0.26338905898963705
2026-07-08,3.0,0.0,0.0,0.0,0.0,0.0,0.0,0.0,0.0,0,0.0,0.07858329866749636,0.16579184568353567
2026-07-09,3.0,0.0,0.0,0.0,0.0,0.0,0.0,0.0,0.0,0,0.0,0.013758527723315428,0.14652701013582736
2026-07-10,3.0,0.0,0.0,0.0,0.0,0.0,0.0,0.0,0.0,0,0.0,-0.05927483686649715,-0.06843343551698544
2026-07-13,3.0,0.0,0.0,0.0,0.0,0.0,0.0,0.0,0.0,0,0.0,-0.08076054448355463,0.06307653238574495
2026-07-14,3.0,0.0,0.0,0.0,0.0,0.0,0.0,0.0,0.0,0,0.0,0.11290744732843616,0.038779658749125145
2026-07-15,3.0,0.0,0.0,0.0,0.0,0.0,0.0,0.0,0.0,0,0.0,-0.11250328269222065,0.026347897437966283
2026-07-16,3.0,0.0,0.0,0.0,0.0,0.0,0.0,0.0,0.0,0,0.0,-0.14535856743547715,0.0058246520286100445
2026-07-17,3.0,0.0,0.0,0.0,0.0,0.0,0.0,0.0,0.0,0,0.0,0.007277835141718869,0.012357279684997335
2026-07-20,3.0,0.0,0.0,0.0,0.0,0.0,0.0,0.0,0.0,0,0.0,-0.0269636547056209,0.10623123210850238
2026-07-21,3.0,0.0,0.0,0.0,0.0,0.0,0.0,0.0,0.0,0,0.0,0.09754768012253856,0.07932626330279491
2026-07-22,3.0,0.0,0.0,0.0,0.0,0.0,0.0,0.0,0.0,0,0.0,0.0649284928817353,0.1463073717867751
2026-07-23,3.0,0.0,0.0,0.0,0.0,0.0,0.0,0.0,0.0,0,0.0,0.006083864224761815,-0.1343022213829549
2026-07-24,3.0,0.0,0.0,0.0,0.0,0.0,0.0,0.0,0.0,0,0.0,-0.07791931548725317,0.006507500443733383
2026-07-27,6.0,1.0,1.0,0.0,1.0,0.002388890394984207,0.4002165380190044,0.5484238909443241,0.8413115715622094,1,0.0,-0.07126260950065333,0.09772641182729958
2026-07-28,6.0,1.0,2.0,0.0,2.0,0.008042636839122243,0.8267234928386544,0.5476403869010236,0.5615345229325529,1,-0.00010002912582296464,-0.18456971436877267,-0.09000018549129629
2026-07-29,5.0,1.0,3.0,0.0,3.0,0.0009491719055943423,0.5336776083785297,0.5335278835071505,0.3411420121272722,1,-0.005684200426546937,-0.14095104315759288,-0.00798787737729012
2026-07-30,5.0,1.0,3.0,0.0,3.0,0.0009491719055943423,0.5336776083785297,0.5335278835071505,0.3411420121272722,0,-0.004158088872593835,0.16980124046524758,0.22609843833876564
2026-07-31,5.0,0.0,0.0,0.0,0.0,0.0,0.0,0.0,0.0,1,0.0031834480587698,0.006005192085183797,-0.0032551884546553334
2026-08-03,5.0,0.0,0.0,0.0,0.0,0.0,0.0,0.0,0.0,0,-0.0019342204550956144,0.04887027522046394,0.07751153395304966
2026-08-04,5.0,0.0,0.0,0.0,0.0,0.0,0.0,0.0,0.0,0,0.0,0.11273495836978675,0.1000944330722846
2026-08-05,5.0,1.0,1.0,1.0,0.0,0.010242923853656036,0.7152418631046559,0.9800172028193151,0.6926587353241942,1,0.0,-0.17605472130832323,-0.013390776837008622
2026-08-06,5.0,1.0,1.0,0.0,1.0,0.0038500685234752834,0.4260207900793156,0.7945191592829244,0.5358710358081136,1,-0.0001416294996294809,-0.05113608535971925,-0.08129693632566615
2026-08-07,5.0,1.0,1.0,0.0,1.0,0.0038500685234752834,0.4260207900793156,0.7945191592829244,0.5358710358081136,0,0.004370011099801063,0.1093220322104076,0.00577313817393077
2026-08-10,5.0,1.0,1.0,0.0,1.0,0.0038500685234752834,0.4260207900793156,0.7945191592829244,0.5358710358081136,0,0.0005750328406874949,-0.12491961416364983,0.11755963390887358
2026-08-11,5.0,1.0,1.0,0.0,1.0,0.0038500685234752834,0.4260207900793156,0.7945191592829244,0.5358710358081136,0,0.0007864748805952448,-0.05832549950355104,-0.06433820847273375
2026-08-12,5.0,0.0,0.0,0.0,0.0,0.0,0.0,0.0,0.0,1,0.002463486677447335,0.13282908559286732,0.06310599641546877
2026-08-13,5.0,0.0,0.0,0.0,0.0,0.0,0.0,0.0,0.0,0,0.01753410286587065,0.08483660179269936,0.07208616081756913
2026-08-14,5.0,0.0,0.0,0.0,0.0,0.0,0.0,0.0,0.0,0,0.0,0.0057121735955807384,-0.06421482796806088
2026-08-17,5.0,0.0,0.0,0.0,0.0,0.0,0.0,0.0,0.0,0,0.0,0.05818245587871829,-0.029375166966572164
2026-08-18,5.0,0.0,0.0,0.0,0.0,0.0,0.0,0.0,0.0,0,0.0,-0.03329456353253757,0.027662374367733333
2026-08-19,5.0,0.0,0.0,0.0,0.0,0.0,0.0,0.0,0.0,0,0.0,0.012943882462412404,-0.1429811338459246
2026-08-20,5.0,0.0,0.0,0.0,0.0,0.0,0.0,0.0,0.0,0,0.0,0.046207256445957245,-0.05913548815422298
2026-08-21,5.0,0.0,0.0,0.0,0.0,0.0,0.0,0.0,0.0,0,0.0,-0.030666827821058895,0.07133125284480646
2026-08-24,5.0,0.0,0.0,0.0,0.0,0.0,0.0,0.0,0.0,0,0.0,-0.09819990434907555,0.006193354518250205
2026-08-25,5.0,0.0,0.0,0.0,0.0,0.0,0.0,0.0,0.0,0,0.0,0.16029457597069396,-0.031054243251351754
2026-08-26,5.0,0.0,0.0,0.0,0.0,0.0,0.0,0.0,0.0,0,0.0,-0.05802740084778768,0.11140723108230866
2026-08-27,5.0,0.0,0.0,0.0,0.0,0.0,0.0,0.0,0.0,0,0.0,0.0648565953265563,0.11914854412481168
2026-08-28,5.0,0.0,0.0,0.0,0.0,0.0,0.0,0.0,0.0,0,0.0,-0.14082599546586694,0.06044172356559385
2026-08-31,5.0,0.0,0.0,0.0,0.0,0.0,0.0,0.0,0.0,0,0.0,0.03454962710299814,-0.0016660875209434378
2026-09-01,5.0,0.0,0.0,0.0,0.0,0.0,0.0,0.0,0.0,0,0.0,-0.01046816220250002,-0.03577675557910276
2026-09-02,5.0,0.0,0.0,0.0,0.0,0.0,0.0,0.0,0.0,0,0.0,0.02581505250649352,0.10628449585577315
2026-09-03,3.0,1.0,1.0,0.0,1.0,0.002511045024658854,0.6599999999999999,0.6959263717439089,0.5783057098111756,1,0.0,-0.028100896244728224,0.04793112673183253
2026-09-04,3.0,1.0,1.0,0.0,1.0,0.002511045024658854,0.6599999999999999,0.6959263717439089,0.5783057098111756,0,-0.00014462951914884226,0.11069924447787405,-0.04433378547314426
