Date,Ghost_Size,Eligible_Size,Live_Size,Opt_Exp_Return,Opt_Exp_Variance,Effective_Gross_Exposure,Mean_Innovation_Z,Mean_CUSUM_S_t,Vol_Ratio,Mean_LinUCB_Gate,rebalanced
2024-09-09,13,0,0,0.0,0.0,1.0,0.0,0.0,1.1294535397709355,1.9730769230769236,1
2024-09-10,14,3,3,0.6765523491698052,0.007073147555013919,0.6765523491698052,2.270033345367817,0.0,1.192917024282795,2.021428571428572,1
2024-09-11,14,5,5,1.0064493720840215,0.011334858852067937,1.0064493720840215,2.7983987023843913,0.0,0.9788028528022389,1.9357142857142862,1
2024-09-12,14,3,3,0.6915015900706343,0.007883310747886316,0.6915015900706343,2.7090208186693574,0.0,1.022567093312282,2.164285714285714,1
2024-09-16,11,1,1,0.25,0.004714940471745642,0.25,2.043225343892831,0.0,0.4735404026984087,2.213636363636364,1
2024-09-17,10,0,0,0.0,0.0,1.0,0.0,0.0,0.4006885601314199,2.25,1
2024-09-18,11,1,1,0.25,0.003252969318200815,0.25,2.309265010934919,0.0,0.3304013893727343,2.25,1
2024-09-19,11,2,2,0.4209547894374523,0.005140624797551735,0.4209547894374523,2.341870455700935,0.0,0.5151516312567347,2.25,1
2024-09-20,10,1,1,0.25,0.003071703063758879,0.25,2.3744759004669507,0.0,0.6416426498923649,1.575,1
2024-09-23,13,2,2,0.4276669162181864,0.008127504474907446,0.4276669162181864,1.7053933716530079,0.0,0.7137059673234546,1.5,1
2024-09-24,12,1,1,0.25,0.00484874388659353,0.25,1.7413517297228496,0.0,0.6862031676854539,1.8125,1
2024-09-25,11,2,2,0.4547011437047962,0.009230887032345435,0.4547011437047962,1.8328683557575045,0.0,0.6941232085932917,1.7045454545454546,1
2024-09-26,13,1,1,0.25,0.004936164148001708,0.25,1.7413517297228496,0.0,0.8060261674880865,2.076923076923077,1
2024-09-30,11,2,2,0.4643013597199117,0.007656845216896904,0.4643013597199117,2.0674670757010056,0.0,0.594050579455035,1.9090909090909092,1
2024-10-01,9,0,0,0.0,0.0,1.0,0.0,0.0,0.576933334485957,2.0,1
2024-10-02,8,1,1,0.25,0.002765601126516425,0.25,3.1790487104855023,0.0,0.6804407378286429,1.96875,1
2024-10-04,9,0,0,0.0,0.0,1.0,0.0,0.0,0.4212749124523515,1.6666666666666667,1
2024-10-08,16,1,1,0.25,0.0008273467550770199,0.25,1.7871412139379927,0.0,0.6986160744826146,1.734375,1
2024-10-09,17,2,2,0.5,0.0018191928842835128,0.5,1.6625815276058553,0.0,0.713489552551271,1.7647058823529411,1
2024-10-10,15,1,1,0.25,0.0007972574728379201,0.25,1.7871412139379927,0.0,0.8045287373011336,2.15,1
2024-10-11,15,0,0,0.0,0.0,1.0,0.0,0.0,0.7952740083858933,2.2,1
2024-10-14,16,6,6,1.3566136969746507,0.18412228625508387,1.3566136969746507,3.533269237690332,0.0,0.853696180282183,2.25,1
2024-10-17,20,7,7,1.1326085499025411,0.04708935995476495,1.1326085499025411,3.3701343529204766,0.0,0.7691693084946571,1.6875,1
2024-10-18,19,5,5,1.1165852377152106,0.12912988270197262,1.1165852377152106,3.581037957975565,0.0,0.7119132329955633,1.7157894736842105,1
2024-10-21,20,3,3,0.632513773186723,0.04440861334023775,0.632513773186723,3.6190344066307816,0.0,0.568429031927487,1.8725,1
2024-10-22,15,0,0,0.0,0.0,1.0,0.0,0.0,0.6650942839611378,1.5,1
2024-10-23,14,2,2,0.39511768748021087,0.0011675825240304537,0.39511768748021087,3.331417618399478,0.0,0.6770565843868168,1.5,1
2024-10-24,15,4,4,0.7615404226608979,0.004325128363822752,0.7615404226608979,3.2670430372625296,0.0,0.464805081148175,1.7733333333333334,1
2024-10-25,16,3,3,0.6614459978375146,0.004956083485255193,0.6614459978375146,4.122774900874037,0.0,0.4951244576145721,1.984375,1
2024-10-28,19,2,2,0.37266553402021185,0.002742311610692267,0.37266553402021185,3.3518398215161214,0.0,0.33668403182971535,2.0894736842105264,1
2024-10-30,17,3,3,0.6506660523645342,0.004480126226368897,0.6506660523645342,3.5571397448016504,0.0,0.46991681367362964,1.8647058823529412,1
2024-10-31,21,5,5,0.8669055801313161,0.003991653045898736,0.8669055801313161,3.1019552955871914,0.0,0.45083378285803893,1.973809523809524,1
2024-11-01,18,8,8,1.1508055641567108,0.0036052256416719956,1.1508055641567108,3.2840425486093263,0.0,0.7770413798526125,1.7000000000000002,1
2024-11-04,19,9,8,1.3419894363749205,0.005405936768386008,1.3419894363749205,2.564453896719492,0.0,0.8569419129537488,1.7078947368421054,1
2024-11-05,20,6,6,1.0496041005955843,0.005279641231526055,1.0496041005955843,2.9452728314101555,0.0,0.7233472954404262,1.9,1
2024-11-06,15,4,4,0.6958485394811726,0.0038263017523693147,0.6958485394811726,2.797710002033339,0.0,1.2318804429940977,1.62,1
2024-11-07,11,6,6,1.1778317390415114,0.00868295095916393,1.1778317390415114,2.2410606457020004,0.0,1.8852525857237372,1.531818181818182,1
2024-11-08,10,4,4,0.6869255369468641,0.004106899158182787,0.6869255369468641,2.3451565250610704,0.0,1.4135643465540428,1.7449999999999999,1
2024-11-11,10,3,3,0.5208100765633017,0.004865171678564222,0.5208100765633017,2.6028424417947242,0.0,1.2992462830988207,1.78,1
2024-11-13,12,2,2,0.4501053462798308,0.010310365105216258,0.4501053462798308,2.776733928937267,0.0,1.5741344190165978,1.8208333333333337,1
2024-11-15,10,2,2,0.30852915310683643,0.0013539739570082936,0.30852915310683643,3.1587440440713217,0.0,0.9346153473616349,1.8150000000000002,1
2024-11-18,10,2,2,0.3230007456581349,0.002234594729824519,0.3230007456581349,2.8423249841358285,0.0,0.8140110842152213,1.7450000000000003,1
2024-11-20,11,1,1,0.25,0.001620247237035735,0.25,1.8904632340818883,0.0,0.7888594561529577,1.7227272727272729,1
2024-11-22,7,0,0,0.0,0.0,1.0,0.0,0.0,1.0713030364792224,1.8499999999999999,1
2024-11-25,8,2,2,0.44821270678211267,0.01892968012619162,0.44821270678211267,2.360233460102963,0.0,0.7188931907890318,1.675,1
2024-11-27,7,0,0,0.0,0.0,1.0,0.0,0.0,0.7276862903168655,1.807142857142857,1
2024-12-13,4,1,1,0.25,0.00330240926636978,0.25,4.242783238619085,0.0,0.586924800491537,1.775,1
2024-12-17,6,0,0,0.0,0.0,1.0,0.0,0.0,0.49910824277946136,1.75,1
2024-12-20,8,2,2,0.39436093627689045,0.006143152950846535,0.39436093627689045,2.101857080968739,0.0,1.5562366320952306,1.85,1
2024-12-24,7,1,1,0.25,0.004331222086618954,0.25,2.11866529495749,0.0,2.106198755178869,1.8499999999999999,1
2024-12-27,8,0,0,0.0,0.0,1.0,0.0,0.0,0.9022901032697075,1.54375,1
2025-01-07,7,1,1,0.25,0.0015521553127913349,0.25,2.3034975688843495,0.0,0.9270956961614858,1.5999999999999999,1
2025-01-08,10,2,2,0.47637024431985,0.011196780991245754,0.47637024431985,2.193667471458279,0.0,0.7222861866742283,1.7149999999999999,1
2025-01-10,11,3,3,0.5710604340544667,0.0031366730382826483,0.5710604340544667,2.8566587735269096,0.0,0.7237771265825819,1.6636363636363638,1
2025-01-13,12,3,3,0.4675506905203689,0.002013738045187703,0.4675506905203689,2.0545652908856646,0.0,1.2215499032666286,1.8208333333333337,1
2025-01-14,11,2,2,0.48920231825175436,0.013088092352891462,0.48920231825175436,2.1672604494997643,0.0,1.1024237992784147,1.8500000000000005,1
2025-01-15,11,2,2,0.29678037783258193,0.0014365529546086283,0.29678037783258193,2.9185150263219652,0.0,1.2516757621243984,1.8500000000000005,1
2025-01-16,11,3,3,0.5409636142387203,0.010415772044426147,0.5409636142387203,2.655888128646268,0.0,1.3550085502289786,1.8500000000000005,1
2025-01-17,7,2,2,0.4333894746957915,0.003337862603768548,0.4333894746957915,3.0553815677308207,0.0,1.381245793306952,1.8499999999999999,1
2025-01-21,6,0,0,0.0,0.0,1.0,0.0,0.0,0.24369830401784734,2.25,1
2025-01-28,5,3,3,0.49577940011394916,0.004660379350164657,0.49577940011394916,2.7213729657348793,0.0,0.8395636343266217,1.85,1
2025-01-29,3,0,0,0.0,0.0,1.0,0.0,0.0,0.4150725264874573,2.1166666666666667,1
2025-02-05,6,1,1,0.25,0.00147900201751968,0.25,2.7702952302941086,0.0,0.8973024158997378,1.8499999999999999,1
2025-02-06,7,1,1,0.25,0.005168612819799174,0.25,2.4264992224420867,0.0,0.96213564941535,1.9285714285714286,1
2025-02-10,7,0,0,0.0,0.0,1.0,0.0,0.0,0.6498559159867416,1.9285714285714286,1
2025-02-11,10,1,1,0.25,0.004775248651762543,0.25,2.39847617555011,0.0,0.5908061130458834,2.025,1
2025-02-12,9,1,1,0.25,0.003561344283864474,0.25,1.6462148815305189,0.0,0.6122531555225107,2.0,1
2025-02-18,9,2,2,0.40397734315499056,0.0031868101767193375,0.40397734315499056,1.5767619188172683,0.0,0.6870951687218935,2.0,1
2025-02-19,14,3,3,0.6642352544763226,0.0062463830884100105,0.6642352544763226,2.3532825582763994,0.0,0.7924835365715883,2.0357142857142856,1
2025-02-20,16,4,4,0.8355241439808921,0.005936360168019983,0.8355241439808921,2.4569041322866574,0.0,0.7682155199545934,2.109375,1
2025-02-21,14,1,1,0.25,0.002116214008079864,0.25,2.7677688543174317,0.0,0.7134546547129277,2.1642857142857146,1
2025-02-25,12,0,0,0.0,0.0,1.0,0.0,0.0,1.1497952490548773,2.216666666666667,1
2025-02-26,10,1,1,0.25,0.005399634917242806,0.25,4.381044296924784,0.0,0.9335466621428745,2.21,1
2025-02-28,13,2,2,0.4335056865086899,0.0060925439294318914,0.4335056865086899,4.293060628960992,0.0,0.9662262029213046,2.1884615384615387,1
2025-03-04,10,1,1,0.25,0.003702423690141509,0.25,4.205076960997202,0.0,1.2624957844264573,2.25,1
2025-03-05,10,2,2,0.3455446027568487,0.0025658841454004383,0.3455446027568487,3.60758392672102,0.0,1.4440356126214662,2.25,1
2025-03-07,11,1,1,0.25,0.0036869780505398623,0.25,4.205076960997202,0.0,1.7264025370619853,2.25,1
2025-03-11,11,0,0,0.0,0.0,1.0,0.0,0.0,1.673417281131922,2.25,1
2025-03-12,13,1,1,0.25,0.0008583031883595111,0.25,2.3000017581682513,0.0,1.5644363999745934,2.25,1
2025-03-18,6,0,0,0.0,0.0,1.0,0.0,0.0,1.6060198711370715,2.25,1
2025-03-27,9,2,2,0.4393978073260888,0.005872584606083795,0.4393978073260888,2.145135378462087,0.0,1.0965947850139983,2.161111111111111,1
2025-03-28,10,1,1,0.25,0.015876434492131424,0.25,2.3368504206532528,0.0,1.1078399926661489,2.1700000000000004,1
2025-03-31,8,0,0,0.0,0.0,1.0,0.0,0.0,1.3715585359174787,2.15,1
2025-04-08,5,2,2,0.3647350554152191,0.003849849249049369,0.3647350554152191,2.548065758900293,0.0,2.4401814093226237,2.01,1
2025-04-11,3,0,0,0.0,0.0,1.0,0.0,0.0,3.1001293500678146,1.5,1
2025-04-14,2,1,1,0.25,0.003251041917528659,0.25,2.1317130024392084,0.0,2.641552564960123,1.5,1
2025-04-16,1,0,0,0.0,0.0,1.0,0.0,0.0,2.4803899131253786,1.5,1
2025-04-17,3,1,1,0.25,0.0062148280879404175,0.25,1.7111926590288622,0.0,1.1491986277128896,1.5,1
2025-04-23,2,0,0,0.0,0.0,1.0,0.0,0.0,1.0146269267393921,1.5,1
2025-04-24,2,1,1,0.25,0.00876977408447211,0.25,4.09624438625808,0.0,1.0548588429508399,1.5,1
2025-04-25,4,2,2,0.42764673055775926,0.0072360935397578555,0.42764673055775926,3.021513530215035,0.0,0.9816540001871756,1.5,1
2025-04-29,3,0,0,0.0,0.0,1.0,0.0,0.0,0.5910662627149006,1.75,1
2025-04-30,4,1,1,0.25,0.00244377876388094,0.25,2.976589188777482,0.0,0.4284195416063963,1.875,1
2025-05-02,4,3,3,0.6914219467490749,0.0073211405365049545,0.6914219467490749,3.1909746030942947,0.0,0.13600355772525755,1.8624999999999998,1
2025-05-05,4,2,2,0.45144850904580136,0.006282242637396766,0.45144850904580136,3.2900378488884203,0.0,0.387237361788142,1.775,1
2025-05-07,4,0,0,0.0,0.0,1.0,0.0,0.0,0.5153655306663508,1.5,1
2025-05-22,4,1,1,0.25,0.0022746989319190757,0.25,1.5580154679298879,0.0,0.6574259674232876,1.6875,1
2025-05-27,4,0,0,0.0,0.0,1.0,0.0,0.0,0.4603914242518607,2.0625,1
2025-05-29,4,1,1,0.25,0.003111868301138048,0.25,3.4393420390886997,0.0,0.7552740080401861,1.5,1
2025-06-03,6,1,1,0.25,0.00467947426801962,0.25,1.5058405675969313,0.0,0.5211235906111057,1.75,1
2025-06-04,5,2,2,0.48665942438989385,0.007548620560939849,0.48665942438989385,2.5728123745992106,0.0,0.3303431617448597,1.95,1
2025-06-06,6,1,1,0.25,0.003003967147615537,0.25,3.63978418160149,0.0,0.23163611307248638,2.125,1
2025-06-09,7,0,0,0.0,0.0,1.0,0.0,0.0,0.2873526227080333,2.142857142857143,1
2025-06-10,7,1,1,0.25,0.004743344961625504,0.25,2.2836372551480033,0.0,0.2941088874866239,2.142857142857143,1
2025-06-16,6,0,0,0.0,0.0,1.0,0.0,0.0,0.37732554887569786,2.0,1
2025-06-18,6,1,1,0.25,0.004288372817609174,0.25,1.851082191942709,0.0,0.5174584975809419,1.75,1
2025-06-23,6,3,3,0.6458736976184738,0.004403645832309008,0.6458736976184738,1.724371490253547,0.0,0.5161155636346049,1.625,1
2025-06-25,6,1,1,0.25,0.004462210560668068,0.25,1.851082191942709,0.0,0.4182820167337424,1.75,1
2025-06-26,6,2,2,0.41371782965105447,0.004109773232832981,0.41371782965105447,2.6967878924929813,0.0,0.3622329348251274,1.75,1
2025-06-27,8,3,3,0.6839143999718579,0.0076242610160744,0.6839143999718579,2.8375275748462028,0.0,0.37704955601110035,1.78125,1
2025-06-30,7,1,1,0.25,0.001310156591942931,0.25,1.5554530978551409,0.0,0.36766056098201716,1.7142857142857142,1
2025-07-01,7,0,0,0.0,0.0,1.0,0.0,0.0,0.3575755015660132,1.8214285714285714,1
2025-07-02,6,1,1,0.25,0.002446691378974201,0.25,1.8819895937632225,0.0,0.3562916011473045,1.875,1
2025-07-03,5,0,0,0.0,0.0,1.0,0.0,0.0,0.1494320337586274,2.17,1
2025-07-16,12,2,2,0.4843624647932513,0.002749247372225909,0.4843624647932513,2.4687228139445114,0.0,0.81309629203654,1.875,1
2025-07-17,12,4,4,0.8498297718909995,0.007011879931381915,0.8498297718909995,2.4286056144658605,0.0,0.8331564899157524,1.875,1
2025-07-18,11,5,5,1.0436286342431795,0.010602507701343983,1.0436286342431795,2.418477095079737,0.0,0.8846946088153683,1.8409090909090908,1
2025-07-21,9,3,3,0.6931219169248772,0.006574741351746756,0.6931219169248772,2.3962581886046364,0.0,0.837456519873911,2.0,1
2025-07-22,10,0,0,0.0,0.0,1.0,0.0,0.0,0.8478654051902441,2.1,1
2025-07-23,12,2,2,0.4322200972313459,0.005731362421695469,0.4322200972313459,2.089957848653581,0.0,0.6474501910270345,2.154166666666667,1
2025-07-24,13,1,1,0.25,0.006154706810140844,0.25,3.1651737439653043,0.0,0.715243219662871,2.0423076923076926,1
2025-07-25,12,5,5,0.997628902988937,0.01291520363529992,0.997628902988937,2.733288473342012,0.0,0.7902574723349948,1.9625000000000001,1
2025-07-28,13,4,4,0.782279300899098,0.007927465154475998,0.782279300899098,2.5535193693186264,0.0,0.8161458652904304,2.1576923076923076,1
2025-07-29,14,1,1,0.25,0.001034737640339902,0.25,2.5263913559401563,0.0,0.8688923999232377,2.164285714285714,1
2025-07-30,12,3,3,0.6115588348859207,0.01820084316840412,0.6115588348859207,3.396770470884236,0.0,0.6879534965424441,2.0833333333333335,1
2025-07-31,14,6,6,1.1209298900336468,0.012877701025762814,1.1209298900336468,3.0313335092514837,0.0,0.5573346485927553,2.0785714285714287,1
2025-08-01,18,6,6,1.1669263441632753,0.011136321002530938,1.1669263441632753,2.9138144556160266,0.0,0.6692425822182806,2.1166666666666667,1
2025-08-04,17,4,4,0.6739398431872401,0.007348685795972123,0.6739398431872401,3.018586543412815,0.0,0.4508422173943698,1.9205882352941175,1
2025-08-05,16,4,4,0.8056574842202182,0.010693504802852676,0.8056574842202182,2.540073459715672,0.0,1.129854316031796,1.75625,1
2025-08-06,17,3,3,0.5116424431250988,0.005698398237617733,0.5116424431250988,2.916419134870481,0.0,1.1238327289715524,1.5205882352941178,1
2025-08-07,17,5,5,0.8566289079646092,0.009768080811969351,0.8566289079646092,2.501952211029969,0.0,1.1214261183287875,1.5205882352941178,1
2025-08-08,19,3,3,0.5813473972740341,0.007951186408176013,0.5813473972740341,2.0501994948587803,0.0,1.042868019533194,1.6763157894736842,1
2025-08-11,17,2,2,0.4433427707049191,0.008650294832453775,0.4433427707049191,2.304453277254721,0.0,0.7906724355322223,1.8058823529411765,1
2025-08-12,14,1,1,0.25,0.005697593515750542,0.25,3.0532769299608966,0.0,0.2926496492879307,2.085714285714286,1
2025-08-14,14,2,2,0.4198342319732781,0.0050630618602893005,0.4198342319732781,2.4215231247490383,0.0,1.0310366955514154,1.8464285714285715,1
2025-08-18,15,3,3,0.4624758326131462,0.0035659272707791647,0.4624758326131462,2.439813434401904,0.0,1.2789837744547126,1.6,1
2025-08-19,17,3,3,0.46300550636496524,0.0037652803353527154,0.46300550636496524,2.4207430889828134,0.0,1.2424204314808271,1.697058823529412,1
2025-08-20,19,2,2,0.29668515753823166,0.0013699073047444342,0.29668515753823166,2.1044761684937714,0.0,0.9824917741920653,2.013157894736842,1
2025-08-21,15,1,1,0.25,0.0011649607141028342,0.25,1.6786413507924691,0.0,0.4948748248313778,2.1733333333333333,1
2025-08-25,21,0,0,0.0,0.0,1.0,0.0,0.0,1.2208697623227474,1.9261904761904762,1
2025-08-26,19,2,2,0.4926953058059139,0.002718807829171545,0.4926953058059139,1.8789137275541403,0.0,1.3922113178560003,1.7552631578947369,1
2025-08-27,20,1,1,0.25,0.001611701454636784,0.25,1.6376532054183666,0.0,1.456139328438556,2.0125,1
2025-08-29,17,0,0,0.0,0.0,1.0,0.0,0.0,1.405891205083578,2.0852941176470585,1
2025-09-05,11,1,1,0.25,0.004780646131751957,0.25,1.8820910893791105,0.0,0.8098508698001964,2.1045454545454545,1
2025-09-08,8,1,1,0.25,0.0015361401525626761,0.25,3.587398971499489,0.0,0.8120471402809575,2.10625,1
2025-09-09,9,0,0,0.0,0.0,1.0,0.0,0.0,0.8113785600058889,2.1666666666666665,1
2025-09-11,12,2,2,0.43932628952212927,0.00577235395983147,0.43932628952212927,2.3136888655294237,0.0,0.6154957900820399,2.1875,1
2025-09-15,9,1,1,0.25,0.0034348793987802532,0.25,2.5531715683006895,0.0,1.1899377750724462,1.9166666666666667,1
2025-09-16,8,0,0,0.0,0.0,1.0,0.0,0.0,1.239739116685357,2.15625,1
2025-09-19,11,2,2,0.387676141873877,0.004250329446640081,0.387676141873877,3.238633516537317,0.0,0.7819507875528382,2.1818181818181817,1
2025-09-22,11,2,2,0.4434695060040715,0.004943600179216689,0.4434695060040715,2.727000138717301,0.0,0.5555465276620599,2.25,1
2025-09-25,12,1,1,0.25,0.0033175810967633855,0.25,2.8019503797983756,0.0,0.5587514035718186,2.25,1
2025-09-29,11,1,1,0.25,0.0017556824783853695,0.25,2.4231009938693586,0.0,0.9824090078409378,2.25,1
2025-09-30,9,1,1,0.25,0.002484248948707894,0.25,2.897331051102163,0.0,1.0138347071414067,2.1611111111111114,1
2025-10-01,11,2,2,0.44722920012020667,0.004846450633277206,0.44722920012020667,3.0734220278862345,0.0,1.0415698830194875,2.213636363636364,1
2025-10-02,11,1,1,0.25,0.005353688688087587,0.25,2.408358117667763,0.0,0.9870996821245044,2.1818181818181817,1
2025-10-08,10,0,0,0.0,0.0,1.0,0.0,0.0,0.48633629306862197,2.25,1
2025-10-13,9,1,1,0.25,0.005245192657926799,0.25,3.03886577500172,0.0,1.446022560670779,1.911111111111111,1
2025-10-14,6,2,2,0.40459385029359807,0.011845884348892971,0.40459385029359807,2.40633728288602,0.0,1.8413262156749897,1.8083333333333333,1
2025-10-15,7,1,1,0.25,0.005413909054412396,0.25,3.03886577500172,0.0,1.9826090979922755,1.657142857142857,1
2025-10-16,8,0,0,0.0,0.0,1.0,0.0,0.0,1.9763659211584266,1.6375,1
2025-10-23,10,1,1,0.25,0.005734760000914072,0.25,2.3931206267718985,0.0,1.133647966750714,1.795,1
2025-10-24,10,0,0,0.0,0.0,1.0,0.0,0.0,0.8134643968040642,2.025,1
2025-10-29,13,1,1,0.25,0.0016008476878679944,0.25,1.6032271932975484,0.0,0.9618666380122634,1.9,1
2025-10-30,12,0,0,0.0,0.0,1.0,0.0,0.0,1.1354815082779273,1.8708333333333333,1
2025-10-31,13,1,1,0.25,0.0016054252089441063,0.25,1.5785934457897,0.0,1.0177648415982736,1.9,1
2025-11-03,12,0,0,0.0,0.0,1.0,0.0,0.0,1.0055920949439248,2.0625,1
2025-11-04,14,1,1,0.25,0.0017050861533512937,0.25,1.6595135444786222,0.0,0.7638813592974021,2.1142857142857143,1
2025-11-06,14,2,2,0.31959585546438396,0.002376246914282154,0.31959585546438396,2.28347271447688,0.0,0.7775425617346257,2.060714285714286,1
2025-11-07,14,3,3,0.6142540437960304,0.016984769134870882,0.6142540437960304,2.9155635149337376,0.0,0.8464022280857281,2.085714285714286,1
2025-11-10,15,3,3,0.45191607064424877,0.003275346402088008,0.45191607064424877,2.7452498634998173,0.0,1.0826786573328449,2.0233333333333334,1
2025-11-11,16,2,2,0.31692709655284734,0.0009180534859117552,0.31692709655284734,2.6720481428546043,0.0,1.1408645817584624,2.109375,1
2025-11-12,15,3,3,0.5531587562908878,0.003903487694235897,0.5531587562908878,2.9032033488396056,0.0,0.9561811643856577,2.2,1
2025-11-13,16,2,2,0.5,0.003552259761751678,0.5,2.881002345491493,0.0,0.9435794916088597,2.203125,1
2025-11-14,14,0,0,0.0,0.0,1.0,0.0,0.0,1.2567739166014138,2.0892857142857144,1
2025-11-26,10,1,1,0.25,0.0017230430653857381,0.25,1.8541616023357577,0.0,1.7162127631578468,1.725,1
2025-12-01,10,0,0,0.0,0.0,1.0,0.0,0.0,0.8365068589412527,2.1,1
2025-12-09,9,2,2,0.4430151892907655,0.0023153346861478985,0.4430151892907655,2.433823515087605,0.0,0.6183002024767448,2.1222222222222222,1
2025-12-10,9,3,3,0.666826457453003,0.004715094724647944,0.666826457453003,2.8661044206015265,0.0,0.6382781059660201,2.1222222222222222,1
2025-12-11,11,1,1,0.25,0.0029426639942247224,0.25,2.587802391457789,0.0,0.9369338242299399,2.1136363636363638,1
2025-12-12,12,2,2,0.482373499559456,0.005381799515463796,0.482373499559456,2.353524326811554,0.0,1.0099672481905488,2.125,1
2025-12-15,11,3,3,0.6299848673068945,0.005796065594823607,0.6299848673068945,2.1731798962770736,0.0,1.179356616323343,1.9772727272727273,1
2025-12-16,11,2,2,0.4605242716934057,0.005010085470933898,0.4605242716934057,2.353524326811554,0.0,1.0758758274756346,2.1136363636363638,1
2025-12-17,9,0,0,0.0,0.0,1.0,0.0,0.0,1.1886035277161182,2.0,1
2026-01-06,7,1,1,0.25,0.0016028492048036573,0.25,3.232018941028877,0.0,0.9676673725453447,1.9285714285714286,1
2026-01-07,6,0,0,0.0,0.0,1.0,0.0,0.0,1.1157237899302843,1.875,1
2026-01-08,9,1,1,0.25,0.001286519664997292,0.25,1.6998081327209924,0.0,1.378623607660044,1.9166666666666667,1
2026-01-13,8,0,0,0.0,0.0,1.0,0.0,0.0,1.2318792379535555,2.15625,1
2026-01-14,8,2,2,0.4685887100840176,0.0052162277766603735,0.4685887100840176,2.6209865112710142,0.0,1.0271947504844026,2.0625,1
2026-01-15,8,0,0,0.0,0.0,1.0,0.0,0.0,0.4480950698793964,2.2,1
2026-01-16,10,1,1,0.25,0.0018181599003407754,0.25,2.602180768367912,0.0,0.32754359054278037,2.21,1
2026-01-20,8,2,2,0.5,0.0022833688784150655,0.5,2.9628300751099346,0.0,0.39923884429991463,2.2,1
2026-01-21,10,1,1,0.25,0.0010235940616412445,0.25,2.3512093958836466,0.0,1.0657741185647136,1.9100000000000001,1
2026-01-22,13,0,0,0.0,0.0,1.0,0.0,0.0,1.499251529392162,1.7000000000000002,1
2026-01-23,12,2,2,0.3495822426901164,0.003976545558376486,0.3495822426901164,2.4532277565501364,0.0,1.4969585839580064,1.7166666666666668,1
2026-01-26,13,1,1,0.25,0.013724616850893436,0.25,2.232244699857533,0.0,1.495854862579191,1.6384615384615384,1
2026-01-28,14,2,2,0.3637756181043666,0.010241299857972506,0.3637756181043666,1.9195223990708334,0.0,1.029886181675835,1.8214285714285714,1
2026-01-30,10,2,2,0.4059436491121809,0.005180142534662348,0.4059436491121809,2.2312280930864103,0.0,0.36128292972844883,2.1350000000000002,1
2026-02-04,9,3,3,0.5901370293361453,0.0032712702990372023,0.5901370293361453,2.7070007894528714,0.0,0.5170809198438397,2.1222222222222222,1
2026-02-05,10,4,4,0.6474723068593224,0.003437815315253303,0.6474723068593224,2.319073606716898,0.0,0.7101574542594925,1.7600000000000002,1
2026-02-06,8,3,3,0.5912827192665502,0.006110484415390495,0.5912827192665502,2.1162269803671823,0.0,0.9811992309382399,1.6375,1
2026-02-09,13,3,3,0.5181727946575923,0.0015843041089609188,0.5181727946575923,1.9251681858829135,0.0,1.4816465225853344,1.5576923076923077,1
2026-02-10,11,1,1,0.25,0.005496674641323031,0.25,2.2627432886923255,0.0,1.497937595675159,1.5681818181818181,1
2026-02-12,7,1,1,0.25,0.010495107623601528,0.25,3.1966128204339292,0.0,1.4131951035147867,1.5,1
2026-02-13,8,2,2,0.28943228841487545,0.0010870260924444439,0.28943228841487545,2.7178065586268554,0.0,1.5848441167616891,1.5,1
2026-02-17,9,0,0,0.0,0.0,1.0,0.0,0.0,1.20572431565435,1.5,1
2026-02-18,10,1,1,0.25,0.005691446554548081,0.25,1.7315603985142638,0.0,1.2357642974398952,1.535,1
2026-02-19,10,0,0,0.0,0.0,1.0,0.0,0.0,1.2822674651604953,1.5699999999999998,1
2026-02-20,16,1,1,0.25,0.0033124240618158077,0.25,2.959273818420551,0.0,1.3276543219796486,1.5656249999999998,1
2026-02-24,10,0,0,0.0,0.0,1.0,0.0,0.0,0.999885569774963,1.7150000000000003,1
2026-02-25,11,5,5,0.9526572765578725,0.007234084147773139,0.9526572765578725,2.0029225212379798,0.0,1.1731444363147168,1.5954545454545455,1
2026-02-26,12,3,3,0.47199218304204027,0.002318863763282624,0.47199218304204027,2.242116345368364,0.0,1.161171411559231,1.6500000000000001,1
2026-03-02,8,0,0,0.0,0.0,1.0,0.0,0.0,1.2290440043025634,1.6875,1
2026-03-10,6,1,1,0.25,0.002059784274728538,0.25,1.742462430405567,0.0,1.1201119935539758,1.75,1
2026-03-11,6,0,0,0.0,0.0,1.0,0.0,0.0,1.05560301377868,1.75,1
2026-03-19,10,1,1,0.25,0.0020057882008043776,0.25,1.5350461985006447,0.0,1.424421369504694,1.5,1
2026-03-20,10,2,2,0.4015607134007372,0.0023239559462099753,0.4015607134007372,2.4267310852999513,0.0,1.0775663526969153,1.575,1
2026-03-23,11,4,4,0.8028931809689183,0.005202234171542243,0.8028931809689183,2.241831020433809,0.0,1.32291925566728,1.5,1
2026-03-24,11,2,2,0.49427099200521163,0.007153584294954258,0.49427099200521163,2.644760851256743,0.0,1.4219559981467504,1.5,1
2026-03-25,10,3,3,0.5736035834029733,0.00842505542944725,0.5736035834029733,2.5316534190832747,0.0,1.3505413492485194,1.5,1
2026-03-26,10,1,1,0.25,0.014470424329859803,0.25,2.305438554736337,0.0,1.1896815330346866,1.5,1
2026-03-31,9,0,0,0.0,0.0,1.0,0.0,0.0,0.9367806591083614,1.5,1
2026-04-02,11,1,1,0.25,0.0019322720950634073,0.25,1.5253246068514414,0.0,1.6121563979084113,1.5,1
2026-04-07,11,0,0,0.0,0.0,1.0,0.0,0.0,1.0800669246360526,1.5,1
2026-04-08,14,1,1,0.25,0.01495611183405887,0.25,1.8280634145719061,0.0,1.0943851834072782,1.5,1
2026-04-10,13,0,0,0.0,0.0,1.0,0.0,0.0,1.2071471340924573,1.5,1
2026-04-15,17,2,2,0.3636187051108956,0.0029809922217344706,0.3636187051108956,2.5866534521408426,0.0,1.3607569728691928,1.5,1
2026-04-16,16,5,5,1.0166990037326689,0.01163350313784884,1.0166990037326689,2.9748608403282972,0.0,0.8141065289047028,1.546875,1
2026-04-17,15,2,2,0.3531869899160693,0.0028197113910587526,0.3531869899160693,2.8582531737059615,0.0,0.810261188079438,1.65,1
2026-04-20,16,2,2,0.5,0.003789452145327733,0.5,1.981824347284089,0.0,0.5787755355486827,1.921875,1
2026-04-21,16,1,1,0.25,0.0013148212317191693,0.25,2.3335920920909636,0.0,0.4859131242762522,2.015625,1
2026-04-22,15,0,0,0.0,0.0,1.0,0.0,0.0,0.7591229248292176,1.65,1
2026-04-23,15,1,1,0.25,0.0027424374252129334,0.25,1.6590056398409252,0.0,0.786122049115839,1.6,1
2026-04-24,14,2,2,0.3767385545278624,0.007267688844905463,0.3767385545278624,2.0138053259132613,0.0,0.7918160131294908,1.5535714285714286,1
2026-04-27,16,4,4,0.8519216175235337,0.015487676560263815,0.8519216175235337,2.3635649283064963,0.0,0.3839665375155241,2.015625,1
2026-04-28,16,3,3,0.615037340427466,0.01034777580773899,0.615037340427466,2.299425074896401,0.0,0.2790745111506612,2.109375,1
2026-04-29,15,2,2,0.36843739794017993,0.00690096415929046,0.36843739794017993,2.0138053259132613,0.0,0.18666405462038074,2.15,1
2026-04-30,13,0,0,0.0,0.0,1.0,0.0,0.0,0.1495776866216526,2.25,1
2026-05-01,15,6,6,1.249933304784009,0.019606969889526083,1.249933304784009,2.928026540063159,0.0,0.8695180816847846,1.55,1
2026-05-04,16,4,4,1.0,0.011211708495381126,1.0,1.7191359191371496,0.0,0.8756089865509132,1.59375,1
2026-05-05,16,3,3,0.6062466027150376,0.010008811028980923,0.6062466027150376,1.7825282939300682,0.0,0.9391480857739158,1.5,1
2026-05-06,17,1,1,0.25,0.0029620949912142506,0.25,1.75781123505353,0.0,0.9523438842038117,1.5,1
2026-05-07,17,0,0,0.0,0.0,1.0,0.0,0.0,0.9454352820396666,1.5,1
2026-05-08,18,2,2,0.43411539581844205,0.0014783427639946285,0.43411539581844205,1.9843911156076917,0.0,0.7909297889513465,1.6666666666666667,1
2026-05-11,15,3,3,0.6685358635603065,0.001932456055977716,0.6685358635603065,1.8257050230986263,0.0,0.8046104358189072,1.65,1
2026-05-12,18,2,2,0.4311824288660535,0.0012639200578913748,0.4311824288660535,1.9843911156076917,0.0,0.7035526160748404,1.7277777777777779,1
2026-05-13,16,1,1,0.25,0.0014218894453058588,0.25,1.7358243118626326,0.0,0.6120303265283348,1.73125,1
2026-05-15,17,2,2,0.3646797409690457,0.0024753319939467776,0.3646797409690457,1.796191359793036,0.0,0.43252189344734865,2.0470588235294116,1
2026-05-18,17,1,1,0.25,0.004537188766288673,0.25,1.8565584077234392,0.0,0.6481901692126466,1.761764705882353,1
2026-05-19,18,2,2,0.498164470857833,0.007738156706496439,0.498164470857833,1.7797846733663214,0.0,0.8486460609270546,1.5388888888888888,1
2026-05-20,18,4,4,0.7033728823925759,0.0040012925134157145,0.7033728823925759,1.7296038429692833,0.0,0.8841666652846786,1.5388888888888888,1
2026-05-21,18,3,3,0.6409346080674015,0.006188788984615691,0.6409346080674015,2.0501479336900483,0.0,1.0616447477435174,1.5416666666666667,1
2026-05-22,18,6,6,1.1879029071946874,0.015592534097830776,1.1879029071946874,2.2001176865085017,0.0,1.0566563758821794,1.5416666666666667,1
2026-05-26,18,4,4,0.8707791031361157,0.012198639619994005,0.8707791031361157,2.321690692941387,0.0,0.7838762935156518,1.5611111111111111,1
2026-05-28,17,2,2,0.4093261962453094,0.0030815643362904935,0.4093261962453094,1.9308293815006965,0.0,0.5429937541396728,1.9588235294117646,1
2026-05-29,17,2,2,0.33734260813860045,0.0016542997283206383,0.33734260813860045,2.032405361912361,0.0,0.3597590837686985,2.067647058823529,1
2026-06-01,17,3,3,0.5814864809472181,0.006305436604532428,0.5814864809472181,2.331803893407599,0.0,0.4004346550691,2.091176470588235,1
2026-06-02,21,2,2,0.3614011401797772,0.005130567034912057,0.3614011401797772,2.640826887543901,0.0,0.22668950029979298,2.211904761904762,1
2026-06-03,14,2,2,0.40042582885401173,0.004908670438081367,0.40042582885401173,2.341217792756095,0.0,0.21730038943171812,2.1928571428571426,1
2026-06-04,15,1,1,0.25,0.004116014126519188,0.25,2.3313827668224616,0.0,0.4137914214879793,2.1733333333333333,1
2026-06-08,11,1,1,0.25,0.005654794105321784,0.25,2.212007830161989,0.0,0.9258686960687311,1.5681818181818181,1
2026-06-11,11,2,2,0.3620972976286852,0.0017156270475472348,0.3620972976286852,1.6147513892375396,0.0,1.2783958074939772,1.5,1
2026-06-12,8,1,1,0.25,0.0008007207351906641,0.25,1.725736716760462,0.0,1.4608253485695288,1.5,1
2026-06-15,8,0,0,0.0,0.0,1.0,0.0,0.0,1.326101101306593,1.5,1
2026-06-24,9,2,2,0.3593829671294448,0.0012737013442069558,0.3593829671294448,2.1714641849798912,0.0,1.0063293106408684,1.5833333333333333,1
2026-06-26,10,1,1,0.25,0.0006981952393691454,0.25,2.4725991676373127,0.0,0.47942404215667905,2.1,1
2026-06-29,11,0,0,0.0,0.0,1.0,0.0,0.0,0.5119074366211066,2.0454545454545454,1
2026-07-07,13,1,1,0.25,0.0033660343717174966,0.25,2.2938757591248273,0.0,0.5267781073748781,2.1307692307692307,1
2026-07-08,14,0,0,0.0,0.0,1.0,0.0,0.0,0.5643816455653758,2.085714285714286,1
2026-07-10,10,2,2,0.4110738365863196,0.00494039951122832,0.4110738365863196,2.4956494772175586,0.0,1.1460967137922389,1.65,1
2026-07-13,16,1,1,0.25,0.009333156352764715,0.25,1.9800352673615473,0.0,1.0024237890063736,1.78125,1
2026-07-14,14,0,0,0.0,0.0,1.0,0.0,0.0,1.0160576522608344,1.7392857142857143,1
2026-07-15,9,2,2,0.4605181809168053,0.007970803094387023,0.4605181809168053,2.140184537197978,0.0,1.0633952643642854,1.5833333333333333,1
2026-07-16,10,2,2,0.4850300696861437,0.005385375662148188,0.4850300696861437,3.092297681650672,0.0,0.6384560944294851,1.98,1
2026-07-17,11,3,3,0.6026564469296436,0.004772734880110421,0.6026564469296436,1.7840345031928868,0.0,0.818066140098608,1.7727272727272727,1
2026-07-20,15,2,2,0.46805380791142276,0.005430378209353906,0.46805380791142276,2.923974107308263,0.0,0.9918831271080851,1.65,1
2026-07-21,16,1,1,0.25,0.001966927402289221,0.25,2.841378913440264,0.0,1.0495124567313925,1.640625,1
2026-07-24,14,4,4,0.7541320273548962,0.010524747779869274,0.7541320273548962,3.182587836748569,0.0,0.6276900717368369,2.0892857142857144,1
2026-07-27,14,6,6,1.217041938253864,0.013232573795665666,1.217041938253864,2.448061691510922,0.0,0.8032505611230596,1.875,1
2026-07-28,14,5,5,0.9964380254453435,0.009251304150815785,0.9964380254453435,2.626617741793637,0.0,0.7947759595634557,1.9285714285714286,1
2026-07-29,17,5,5,1.1136505042642482,0.015396848111067485,1.1136505042642482,2.408970700908267,0.0,0.9394217671858583,1.9852941176470589,1
2026-07-30,16,4,4,0.8972875363960127,0.015366945033942916,0.8972875363960127,2.3969542159059274,0.0,1.2894937893617846,1.6875,1
2026-07-31,14,4,4,0.7525176367148335,0.009627594304324076,0.7525176367148335,2.1800535075060643,0.0,1.199586024157486,1.7678571428571428,1
2026-08-03,18,3,3,0.5507811650109868,0.006181736417559751,0.5507811650109868,2.467191931837712,0.0,1.2099155248629097,1.75,1
2026-08-04,14,2,2,0.49799093035273245,0.008332028628724206,0.49799093035273245,2.4256557016738,0.0,1.2981129852918554,1.5535714285714286,1
2026-08-05,11,0,0,0.0,0.0,1.0,0.0,0.0,1.4465838356343828,1.5,1
2026-08-06,14,2,2,0.3786042379561275,0.003957274018796419,0.3786042379561275,2.69129655224143,0.0,1.179215675343956,1.6071428571428572,1
2026-08-07,12,2,2,0.41818617889141696,0.004057541544013959,0.41818617889141696,1.8961746027098685,0.0,1.3297652273300888,1.5,1
2026-08-10,18,2,2,0.44381137160181783,0.005253551038569445,0.44381137160181783,1.7175602955370888,0.0,1.2792504241262566,1.5,1
2026-08-11,18,2,2,0.42834368414002993,0.00356754300851632,0.42834368414002993,2.0112748032194228,0.0,1.207543564860385,1.5416666666666667,1
2026-08-13,16,3,3,0.649611499562067,0.004173408917036057,0.649611499562067,2.127703754658977,0.0,0.6674399298489635,2.0625,1
2026-08-14,13,1,1,0.25,0.0013988025256192226,0.25,2.360561657538085,0.0,0.5153201376883354,2.1923076923076925,1
2026-08-20,14,3,3,0.5732364598143904,0.004898037118948488,0.5732364598143904,2.295493755678301,0.0,1.1728891614452066,1.6071428571428572,1
2026-08-24,12,1,1,0.25,0.0012857626915370526,0.25,2.360561657538085,0.0,1.2275736809546984,1.625,1
2026-08-26,9,0,0,0.0,0.0,1.0,0.0,0.0,0.9532171529400492,1.8333333333333333,1
