,Ghost_Size,Eligible_Size,Live_Size,Opt_Exp_Return,Opt_Exp_Variance,Effective_Gross_Exposure,Mean_Innovation_Z,Mean_CUSUM_S_t,Vol_Ratio,Mean_LinUCB_Gate,rebalanced,Live_Realized_Return,Ghost_Realized_Return,Eligible_Realized_Return
2024-09-09,13.0,0.0,0.0,0.0,0.0,1.0,0.0,0.0,1.1294535397709355,1.9730769230769236,1,0.0,0.0,0.0
2024-09-10,14.0,3.0,3.0,0.6765523491698052,0.007073147555013919,0.6765523491698052,2.270033345367817,0.0,1.192917024282795,2.021428571428572,1,0.0,-0.00022693479649993353,0.0
2024-09-11,14.0,5.0,5.0,1.0064493720840215,0.011334858852067937,1.0064493720840215,2.7983987023843913,0.0,0.9788028528022389,1.9357142857142862,1,-0.00017839512248873923,-0.0007380424195153612,-0.0002640216169097487
2024-09-12,14.0,3.0,3.0,0.6915015900706343,0.007883310747886316,0.6915015900706343,2.7090208186693574,0.0,1.022567093312282,2.164285714285714,1,-0.0027052015508126637,0.0038792153438320653,-0.004313308622362011
2024-09-13,14.0,3.0,3.0,0.6915015900706343,0.007883310747886316,0.6915015900706343,2.7090208186693574,0.0,1.022567093312282,2.164285714285714,0,-0.0030560364749075974,5.2831766584660045e-05,-0.0013050646157704016
2024-09-16,11.0,1.0,1.0,0.25,0.004714940471745642,0.25,2.043225343892831,0.0,0.4735404026984087,2.213636363636364,1,0.00020589010406424357,0.0019334768250076628,0.003909815902924052
2024-09-17,10.0,0.0,0.0,0.0,0.0,1.0,0.0,0.0,0.4006885601314199,2.25,1,0.0021300146516483043,0.005106886655456444,0.015726222181787985
2024-09-18,11.0,1.0,1.0,0.25,0.003252969318200815,0.25,2.309265010934919,0.0,0.3304013893727343,2.25,1,0.002422734055055553,-0.0025807514252454977,0.014045740310758559
2024-09-19,11.0,2.0,2.0,0.4209547894374523,0.005140624797551735,0.4209547894374523,2.341870455700935,0.0,0.5151516312567347,2.25,1,-6.332569657740983e-05,-0.0077583364929628695,0.007198286096870454
2024-09-20,10.0,1.0,1.0,0.25,0.003071703063758879,0.25,2.3744759004669507,0.0,0.6416426498923649,1.575,1,0.0075184315320036,0.005295330150743904,0.02389633698384075
2024-09-23,13.0,2.0,2.0,0.4276669162181864,0.008127504474907446,0.4276669162181864,1.7053933716530079,0.0,0.7137059673234546,1.5,1,0.0008933902225292112,0.0008187753002177889,0.007909898198405374
2024-09-24,12.0,1.0,1.0,0.25,0.00484874388659353,0.25,1.7413517297228496,0.0,0.6862031676854539,1.8125,1,-0.0007593439889239662,-0.002810211404854268,0.014801049467165539
2024-09-25,11.0,2.0,2.0,0.4547011437047962,0.009230887032345435,0.4547011437047962,1.8328683557575045,0.0,0.6941232085932917,1.7045454545454546,1,-0.0007082902831871962,-0.008349588142401054,0.016634178921965947
2024-09-26,13.0,1.0,1.0,0.25,0.004936164148001708,0.25,1.7413517297228496,0.0,0.8060261674880865,2.076923076923077,1,-0.008180813246439378,-0.006818810197504188,-0.05200237365956717
2024-09-27,13.0,1.0,1.0,0.25,0.004936164148001708,0.25,1.7413517297228496,0.0,0.8060261674880865,2.076923076923077,0,-0.004859387375166002,-0.001883751775340059,-0.018165084807927223
2024-09-30,11.0,2.0,2.0,0.4643013597199117,0.007656845216896904,0.4643013597199117,2.0674670757010056,0.0,0.594050579455035,1.9090909090909092,1,-0.0005626016318598381,0.004112700501757827,-0.017116623706890044
2024-10-01,9.0,0.0,0.0,0.0,0.0,1.0,0.0,0.0,0.576933334485957,2.0,1,0.00314166857178666,0.0039669556312951215,0.013136652539757598
2024-10-02,8.0,1.0,1.0,0.25,0.002765601126516425,0.25,3.1790487104855023,0.0,0.6804407378286429,1.96875,1,-0.0025932024353274574,0.00015637303463833518,-0.01901037717284626
2024-10-03,8.0,1.0,1.0,0.25,0.002765601126516425,0.25,3.1790487104855023,0.0,0.6804407378286429,1.96875,0,-5.9457888482716825e-05,-0.0012382759225726403,0.0004329712477042502
2024-10-04,9.0,0.0,0.0,0.0,0.0,1.0,0.0,0.0,0.4212749124523515,1.6666666666666667,1,0.0013852114037646857,0.004724618437780492,0.008525861170880722
2024-10-07,9.0,0.0,0.0,0.0,0.0,1.0,0.0,0.0,0.4212749124523515,1.6666666666666667,0,0.000985727479723586,0.005206794869149212,-0.034903507935818756
2024-10-08,16.0,1.0,1.0,0.25,0.0008273467550770199,0.25,1.7871412139379927,0.0,0.6986160744826146,1.734375,1,0.0,-0.0004829861825050852,0.021768548951998312
2024-10-09,17.0,2.0,2.0,0.5,0.0018191928842835128,0.5,1.6625815276058553,0.0,0.713489552551271,1.7647058823529411,1,-6.600450396632151e-05,-0.005722240599316364,-0.02553634432015972
2024-10-10,15.0,1.0,1.0,0.25,0.0007972574728379201,0.25,1.7871412139379927,0.0,0.8045287373011336,2.15,1,-0.00012184481096289002,-0.001081247110106598,0.03545009844394631
2024-10-11,15.0,0.0,0.0,0.0,0.0,1.0,0.0,0.0,0.7952740083858933,2.2,1,-0.001025466611616399,0.0017331025161912983,0.008782193958617901
2024-10-14,16.0,6.0,6.0,1.3566136969746507,0.18412228625508387,1.3566136969746507,3.533269237690332,0.0,0.853696180282183,2.25,1,0.002732372629736135,-0.00010060568356107247,-0.030025769600724117
2024-10-15,16.0,6.0,6.0,1.3566136969746507,0.18412228625508387,1.3566136969746507,3.533269237690332,0.0,0.853696180282183,2.25,0,-0.00026403505040617503,-0.005980203606887113,0.005490789852867328
2024-10-16,16.0,6.0,6.0,1.3566136969746507,0.18412228625508387,1.3566136969746507,3.533269237690332,0.0,0.853696180282183,2.25,0,-0.014404523387477997,-0.006519420566981848,-0.04113011502501629
2024-10-17,20.0,7.0,7.0,1.1326085499025411,0.04708935995476495,1.1326085499025411,3.3701343529204766,0.0,0.7691693084946571,1.6875,1,-0.023840804813086147,0.0001848237190602564,0.004886275429610176
2024-10-18,19.0,5.0,5.0,1.1165852377152106,0.12912988270197262,1.1165852377152106,3.581037957975565,0.0,0.7119132329955633,1.7157894736842105,1,0.0012727893602761942,0.0014002678707838445,0.032291043216743365
2024-10-21,20.0,3.0,3.0,0.632513773186723,0.04440861334023775,0.632513773186723,3.6190344066307816,0.0,0.568429031927487,1.8725,1,-0.003218085135005211,-0.00041902718634012626,-0.01885401556609434
2024-10-22,15.0,0.0,0.0,0.0,0.0,1.0,0.0,0.0,0.6650942839611378,1.5,1,-6.267994364383966e-05,-0.0007085092317183905,-0.06522512343828735
2024-10-23,14.0,2.0,2.0,0.39511768748021087,0.0011675825240304537,0.39511768748021087,3.331417618399478,0.0,0.6770565843868168,1.5,1,-0.006306941214300421,0.0012273991751896585,-0.045212556987870633
2024-10-24,15.0,4.0,4.0,0.7615404226608979,0.004325128363822752,0.7615404226608979,3.2670430372625296,0.0,0.464805081148175,1.7733333333333334,1,-0.00010391698417333561,-0.005271173338265545,0.0039117883761716765
2024-10-25,16.0,3.0,3.0,0.6614459978375146,0.004956083485255193,0.6614459978375146,4.122774900874037,0.0,0.4951244576145721,1.984375,1,0.0009495267824959353,0.0005379404486876016,0.01619674513173086
2024-10-28,19.0,2.0,2.0,0.37266553402021185,0.002742311610692267,0.37266553402021185,3.3518398215161214,0.0,0.33668403182971535,2.0894736842105264,1,-0.0036521774413100783,-0.00447299825373737,0.006341465081771247
2024-10-29,19.0,2.0,2.0,0.37266553402021185,0.002742311610692267,0.37266553402021185,3.3518398215161214,0.0,0.33668403182971535,2.0894736842105264,0,-0.008471027769878403,-0.0019303325655815051,-0.07313972677194358
2024-10-30,17.0,3.0,3.0,0.6506660523645342,0.004480126226368897,0.6506660523645342,3.5571397448016504,0.0,0.46991681367362964,1.8647058823529412,1,0.00607569279927489,0.006026553787819244,0.02894951666764123
2024-10-31,21.0,5.0,5.0,0.8669055801313161,0.003991653045898736,0.8669055801313161,3.1019552955871914,0.0,0.45083378285803893,1.973809523809524,1,-0.0002665836586370762,-0.012612530152145363,-0.000823032625233977
2024-11-01,18.0,8.0,8.0,1.1508055641567108,0.0036052256416719956,1.1508055641567108,3.2840425486093263,0.0,0.7770413798526125,1.7000000000000002,1,-0.0033909882161314853,0.007768827491575703,0.003796962503608281
2024-11-04,19.0,9.0,8.0,1.3419894363749205,0.005405936768386008,1.3419894363749205,2.564453896719492,0.0,0.8569419129537488,1.7078947368421054,1,-0.004499845700144611,0.008858286051109499,-0.027751497205091957
2024-11-05,20.0,6.0,6.0,1.0496041005955843,0.005279641231526055,1.0496041005955843,2.9452728314101555,0.0,0.7233472954404262,1.9,1,0.00019846740810036678,0.0029357305487138774,-0.09631320839602808
2024-11-06,15.0,4.0,4.0,0.6958485394811726,0.0038263017523693147,0.6958485394811726,2.797710002033339,0.0,1.2318804429940977,1.62,1,0.003229193339903569,0.005258807841874491,-0.05135418927404545
2024-11-07,11.0,6.0,6.0,1.1778317390415114,0.00868295095916393,1.1778317390415114,2.2410606457020004,0.0,1.8852525857237372,1.531818181818182,1,0.0009193018935671482,-0.007080505801953851,0.04493617442832343
2024-11-08,10.0,4.0,4.0,0.6869255369468641,0.004106899158182787,0.6869255369468641,2.3451565250610704,0.0,1.4135643465540428,1.7449999999999999,1,-0.00803746195458277,-0.010242758452902234,-0.043708367360462685
2024-11-11,10.0,3.0,3.0,0.5208100765633017,0.004865171678564222,0.5208100765633017,2.6028424417947242,0.0,1.2992462830988207,1.78,1,-0.0018935317918900019,-0.0011512429488894638,-0.03067414454588968
2024-11-12,10.0,3.0,3.0,0.5208100765633017,0.004865171678564222,0.5208100765633017,2.6028424417947242,0.0,1.2992462830988207,1.78,0,-0.00013908205986823408,-0.0030231025186291394,0.0007842827284543219
2024-11-13,12.0,2.0,2.0,0.4501053462798308,0.010310365105216258,0.4501053462798308,2.776733928937267,0.0,1.5741344190165978,1.8208333333333337,1,-0.004171224881478919,-0.005741653924209444,-0.00961383852383968
2024-11-14,12.0,2.0,2.0,0.4501053462798308,0.010310365105216258,0.4501053462798308,2.776733928937267,0.0,1.5741344190165978,1.8208333333333337,0,0.006687550859455493,0.0015200959854544394,0.07486810663006116
2024-11-15,10.0,2.0,2.0,0.30852915310683643,0.0013539739570082936,0.30852915310683643,3.1587440440713217,0.0,0.9346153473616349,1.8150000000000002,1,0.0002710266169245745,-0.011255985242272448,-0.004610774862698452
2024-11-18,10.0,2.0,2.0,0.3230007456581349,0.002234594729824519,0.3230007456581349,2.8423249841358285,0.0,0.8140110842152213,1.7450000000000003,1,0.005821370072778942,0.0032468930542863816,-0.015444530154743674
2024-11-19,10.0,2.0,2.0,0.3230007456581349,0.002234594729824519,0.3230007456581349,2.8423249841358285,0.0,0.8140110842152213,1.7450000000000003,0,-0.001388657069621435,0.012807524015138405,-0.0015366642775707096
2024-11-20,11.0,1.0,1.0,0.25,0.001620247237035735,0.25,1.8904632340818883,0.0,0.7888594561529577,1.7227272727272729,1,0.0039489578461071595,0.006574213560034181,0.000793450153689701
2024-11-21,11.0,1.0,1.0,0.25,0.001620247237035735,0.25,1.8904632340818883,0.0,0.7888594561529577,1.7227272727272729,0,0.0010723984154648036,0.007612937932826247,0.04415570712283112
2024-11-22,7.0,0.0,0.0,0.0,0.0,1.0,0.0,0.0,1.0713030364792224,1.8499999999999999,1,0.002191460328515138,0.009319649854709677,-0.058498072532761736
2024-11-25,8.0,2.0,2.0,0.44821270678211267,0.01892968012619162,0.44821270678211267,2.360233460102963,0.0,0.7188931907890318,1.675,1,-0.001872623217730962,0.0049830775414454465,-0.01824550660522617
2024-11-26,8.0,2.0,2.0,0.44821270678211267,0.01892968012619162,0.44821270678211267,2.360233460102963,0.0,0.7188931907890318,1.675,0,-0.00012888106729425086,-0.003805240003390664,-0.008248367527652789
2024-11-27,7.0,0.0,0.0,0.0,0.0,1.0,0.0,0.0,0.7276862903168655,1.807142857142857,1,0.002125660806380214,0.0021602188691374202,-0.0108482624388625
2024-11-29,7.0,0.0,0.0,0.0,0.0,1.0,0.0,0.0,0.7276862903168655,1.807142857142857,0,0.0024355131948066155,0.002826649954760896,0.023157200013458556
2024-12-02,7.0,0.0,0.0,0.0,0.0,1.0,0.0,0.0,0.7276862903168655,1.807142857142857,0,0.0,0.010401125841115855,0.0330231763350457
2024-12-03,7.0,0.0,0.0,0.0,0.0,1.0,0.0,0.0,0.7276862903168655,1.807142857142857,0,0.0,0.0018118272879934505,-0.02877493352694016
2024-12-04,7.0,0.0,0.0,0.0,0.0,1.0,0.0,0.0,0.7276862903168655,1.807142857142857,0,0.0,0.012288578227185765,0.03761085606590564
2024-12-05,7.0,0.0,0.0,0.0,0.0,1.0,0.0,0.0,0.7276862903168655,1.807142857142857,0,0.0,-0.01629822547906168,-0.08007045648529287
2024-12-06,7.0,0.0,0.0,0.0,0.0,1.0,0.0,0.0,0.7276862903168655,1.807142857142857,0,0.0,0.015061900526095018,0.059086612953358264
2024-12-09,7.0,0.0,0.0,0.0,0.0,1.0,0.0,0.0,0.7276862903168655,1.807142857142857,0,0.0,-0.010430124092653759,0.06102547252536206
2024-12-10,7.0,0.0,0.0,0.0,0.0,1.0,0.0,0.0,0.7276862903168655,1.807142857142857,0,0.0,-0.01877368319049899,0.011430497901703252
2024-12-11,7.0,0.0,0.0,0.0,0.0,1.0,0.0,0.0,0.7276862903168655,1.807142857142857,0,0.0,0.00778916981883504,0.04177228146241929
2024-12-12,7.0,0.0,0.0,0.0,0.0,1.0,0.0,0.0,0.7276862903168655,1.807142857142857,0,0.0,-0.00014673544548893247,-0.0051973930828485004
2024-12-13,4.0,1.0,1.0,0.25,0.00330240926636978,0.25,4.242783238619085,0.0,0.586924800491537,1.775,1,0.0,-0.004988517919479185,0.03741364972114214
2024-12-16,4.0,1.0,1.0,0.25,0.00330240926636978,0.25,4.242783238619085,0.0,0.586924800491537,1.775,0,-7.13539761291182e-05,0.004642491420087991,0.018878583961098983
2024-12-17,6.0,0.0,0.0,0.0,0.0,1.0,0.0,0.0,0.49910824277946136,1.75,1,0.002537683594730611,0.007389164926876912,0.04154105087439652
2024-12-18,6.0,0.0,0.0,0.0,0.0,1.0,0.0,0.0,0.49910824277946136,1.75,0,-0.008002384288217312,-0.017060897747275372,0.021110925282482373
2024-12-19,6.0,0.0,0.0,0.0,0.0,1.0,0.0,0.0,0.49910824277946136,1.75,0,0.0,-0.010114891761741296,-0.013891842877615801
2024-12-20,8.0,2.0,2.0,0.39436093627689045,0.006143152950846535,0.39436093627689045,2.101857080968739,0.0,1.5562366320952306,1.85,1,0.0,-0.004944675435362145,-0.0026995078864300304
2024-12-23,8.0,2.0,2.0,0.39436093627689045,0.006143152950846535,0.39436093627689045,2.101857080968739,0.0,1.5562366320952306,1.85,0,-0.00010205460872281247,-0.004573609546398405,0.03883374733278111
2024-12-24,7.0,1.0,1.0,0.25,0.004331222086618954,0.25,2.11866529495749,0.0,2.106198755178869,1.8499999999999999,1,0.00034971139655048944,0.004359599617468346,-0.011431986110066683
2024-12-26,7.0,1.0,1.0,0.25,0.004331222086618954,0.25,2.11866529495749,0.0,2.106198755178869,1.8499999999999999,0,0.001729533548567197,0.0002768093511491543,-0.01292642048986925
2024-12-27,8.0,0.0,0.0,0.0,0.0,1.0,0.0,0.0,0.9022901032697075,1.54375,1,0.0012078603135248223,-0.0041627148177540985,0.007584939578553884
2024-12-30,8.0,0.0,0.0,0.0,0.0,1.0,0.0,0.0,0.9022901032697075,1.54375,0,0.0048634648672869485,0.0007865095760706264,0.012189083665296252
2024-12-31,8.0,0.0,0.0,0.0,0.0,1.0,0.0,0.0,0.9022901032697075,1.54375,0,0.0,-0.0003938746656731995,0.023336855003435852
2025-01-02,8.0,0.0,0.0,0.0,0.0,1.0,0.0,0.0,0.9022901032697075,1.54375,0,0.0,-0.001773912674708722,-0.014575927029786273
2025-01-03,8.0,0.0,0.0,0.0,0.0,1.0,0.0,0.0,0.9022901032697075,1.54375,0,0.0,0.010263562393195702,0.02199595632199247
2025-01-06,8.0,0.0,0.0,0.0,0.0,1.0,0.0,0.0,0.9022901032697075,1.54375,0,0.0,-0.012888704493319914,0.02185812856246616
2025-01-07,7.0,1.0,1.0,0.25,0.0015521553127913349,0.25,2.3034975688843495,0.0,0.9270956961614858,1.5999999999999999,1,0.0,-0.0007507986806150058,-0.018800970251034888
2025-01-08,10.0,2.0,2.0,0.47637024431985,0.011196780991245754,0.47637024431985,2.193667471458279,0.0,0.7222861866742283,1.7149999999999999,1,-6.935684181474944e-05,-0.007904121672294706,-0.035175724534331265
2025-01-10,11.0,3.0,3.0,0.5710604340544667,0.0031366730382826483,0.5710604340544667,2.8566587735269096,0.0,0.7237771265825819,1.6636363636363638,1,-0.011634551382961544,-0.043292351069256885,0.14931892650659973
2025-01-13,12.0,3.0,3.0,0.4675506905203689,0.002013738045187703,0.4675506905203689,2.0545652908856646,0.0,1.2215499032666286,1.8208333333333337,1,-0.006576862625450319,0.007303302382761778,-0.04145382984863999
2025-01-14,11.0,2.0,2.0,0.48920231825175436,0.013088092352891462,0.48920231825175436,2.1672604494997643,0.0,1.1024237992784147,1.8500000000000005,1,-0.011248256015290337,-0.0013468521024644353,-0.04221032391955959
2025-01-15,11.0,2.0,2.0,0.29678037783258193,0.0014365529546086283,0.29678037783258193,2.9185150263219652,0.0,1.2516757621243984,1.8500000000000005,1,0.0020607382356814252,0.001955976058484188,0.02667220107936008
2025-01-16,11.0,3.0,3.0,0.5409636142387203,0.010415772044426147,0.5409636142387203,2.655888128646268,0.0,1.3550085502289786,1.8500000000000005,1,-0.011401288519257924,0.0017712847271413867,-0.022874784946159687
2025-01-17,7.0,2.0,2.0,0.4333894746957915,0.003337862603768548,0.4333894746957915,3.0553815677308207,0.0,1.381245793306952,1.8499999999999999,1,-0.0023427665396065223,0.015327855582386585,0.0507857695441849
2025-01-21,6.0,0.0,0.0,0.0,0.0,1.0,0.0,0.0,0.24369830401784734,2.25,1,0.00392183231041221,0.030910117992836383,-0.05703825210013769
2025-01-22,6.0,0.0,0.0,0.0,0.0,1.0,0.0,0.0,0.24369830401784734,2.25,0,-0.003113887972684526,-0.006103388371708096,0.05418482379238587
2025-01-23,6.0,0.0,0.0,0.0,0.0,1.0,0.0,0.0,0.24369830401784734,2.25,0,0.0,-0.03380209516030874,-0.004768371599767729
2025-01-24,6.0,0.0,0.0,0.0,0.0,1.0,0.0,0.0,0.24369830401784734,2.25,0,0.0,0.01241758956076544,-0.054530695977207055
2025-01-27,6.0,0.0,0.0,0.0,0.0,1.0,0.0,0.0,0.24369830401784734,2.25,0,0.0,0.03223346153317386,0.032406308815294604
2025-01-28,5.0,3.0,3.0,0.49577940011394916,0.004660379350164657,0.49577940011394916,2.7213729657348793,0.0,0.8395636343266217,1.85,1,0.0,-0.007858307889379912,-0.024394265356464384
2025-01-29,3.0,0.0,0.0,0.0,0.0,1.0,0.0,0.0,0.4150725264874573,2.1166666666666667,1,-0.00014726358399719253,-0.033081153206142355,0.05723604878927313
2025-01-30,3.0,0.0,0.0,0.0,0.0,1.0,0.0,0.0,0.4150725264874573,2.1166666666666667,0,0.002923177015874856,0.015880743792458185,-0.030488718763335032
2025-01-31,3.0,0.0,0.0,0.0,0.0,1.0,0.0,0.0,0.4150725264874573,2.1166666666666667,0,0.0,-0.006538522638732225,-0.02053113183021238
2025-02-03,3.0,0.0,0.0,0.0,0.0,1.0,0.0,0.0,0.4150725264874573,2.1166666666666667,0,0.0,0.013664969304291175,-0.00633747615852942
2025-02-04,3.0,0.0,0.0,0.0,0.0,1.0,0.0,0.0,0.4150725264874573,2.1166666666666667,0,0.0,-0.0005672156869680478,0.043037548301955386
2025-02-05,6.0,1.0,1.0,0.25,0.00147900201751968,0.25,2.7702952302941086,0.0,0.8973024158997378,1.8499999999999999,1,0.0,0.008614493820449542,0.062438921952871596
2025-02-06,7.0,1.0,1.0,0.25,0.005168612819799174,0.25,2.4264992224420867,0.0,0.96213564941535,1.9285714285714286,1,-7.05055909737684e-05,0.0028839220699183876,0.09117744382737758
2025-02-07,7.0,1.0,1.0,0.25,0.005168612819799174,0.25,2.4264992224420867,0.0,0.96213564941535,1.9285714285714286,0,0.0004453783270141898,-0.015110641549939907,0.008564353335099861
2025-02-10,7.0,0.0,0.0,0.0,0.0,1.0,0.0,0.0,0.6498559159867416,1.9285714285714286,1,0.012606416787738217,0.005048204916928922,0.0941580204571868
2025-02-11,10.0,1.0,1.0,0.25,0.004775248651762543,0.25,2.39847617555011,0.0,0.5908061130458834,2.025,1,-0.0013635432165516326,-0.0023346374618739008,0.015729204495550597
2025-02-12,9.0,1.0,1.0,0.25,0.003561344283864474,0.25,1.6462148815305189,0.0,0.6122531555225107,2.0,1,-5.889990211771501e-05,-0.007905426267906579,-0.09528151478802926
2025-02-13,9.0,1.0,1.0,0.25,0.003561344283864474,0.25,1.6462148815305189,0.0,0.6122531555225107,2.0,0,-0.0008725001844465119,-0.024252652917168604,-0.02492358719621135
2025-02-14,9.0,1.0,1.0,0.25,0.003561344283864474,0.25,1.6462148815305189,0.0,0.6122531555225107,2.0,0,-0.0012385098043151688,0.0329716650200631,0.07032842828327635
2025-02-18,9.0,2.0,2.0,0.40397734315499056,0.0031868101767193375,0.40397734315499056,1.5767619188172683,0.0,0.6870951687218935,2.0,1,-0.002261698160881176,0.00882971328089277,-0.008357319004823505
2025-02-19,14.0,3.0,3.0,0.6642352544763226,0.0062463830884100105,0.6642352544763226,2.3532825582763994,0.0,0.7924835365715883,2.0357142857142856,1,-0.001739415341649675,0.009073026650994853,0.16838917957719568
2025-02-20,16.0,4.0,4.0,0.8355241439808921,0.005936360168019983,0.8355241439808921,2.4569041322866574,0.0,0.7682155199545934,2.109375,1,0.0031950257425659156,-0.019444090401373848,0.049443933533674045
2025-02-21,14.0,1.0,1.0,0.25,0.002116214008079864,0.25,2.7677688543174317,0.0,0.7134546547129277,2.1642857142857146,1,0.0068001501071282,-0.020661788158013783,-0.03858404947244043
2025-02-24,14.0,1.0,1.0,0.25,0.002116214008079864,0.25,2.7677688543174317,0.0,0.7134546547129277,2.1642857142857146,0,-0.001723004560505892,-0.011883534945222318,-0.02536954733442598
2025-02-25,12.0,0.0,0.0,0.0,0.0,1.0,0.0,0.0,1.1497952490548773,2.216666666666667,1,0.0008459568978667065,-0.005258331216590473,-0.06477585809806252
2025-02-26,10.0,1.0,1.0,0.25,0.005399634917242806,0.25,4.381044296924784,0.0,0.9335466621428745,2.21,1,0.001553811425126339,0.02256009425982919,0.002500478191859612
2025-02-27,10.0,1.0,1.0,0.25,0.005399634917242806,0.25,4.381044296924784,0.0,0.9335466621428745,2.21,0,-6.49510183710067e-05,0.004270496921503053,-5.972936665654682e-05
2025-02-28,13.0,2.0,2.0,0.4335056865086899,0.0060925439294318914,0.4335056865086899,4.293060628960992,0.0,0.9662262029213046,2.1884615384615387,1,-0.0051854970058723415,-0.021277473213454412,-0.11383579077855244
2025-03-03,13.0,2.0,2.0,0.4335056865086899,0.0060925439294318914,0.4335056865086899,4.293060628960992,0.0,0.9662262029213046,2.1884615384615387,0,-0.002997284950753021,-0.03089403136455926,-0.09600679475927298
2025-03-04,10.0,1.0,1.0,0.25,0.003702423690141509,0.25,4.205076960997202,0.0,1.2624957844264573,2.25,1,0.005170312896121354,0.014649353228010087,0.03328287417904874
2025-03-05,10.0,2.0,2.0,0.3455446027568487,0.0025658841454004383,0.3455446027568487,3.60758392672102,0.0,1.4440356126214662,2.25,1,0.0001694858664913479,0.016657116385325965,0.009542260258800006
2025-03-06,10.0,2.0,2.0,0.3455446027568487,0.0025658841454004383,0.3455446027568487,3.60758392672102,0.0,1.4440356126214662,2.25,0,0.0017211625849868906,-0.001499142713312529,0.08053343598356277
2025-03-07,11.0,1.0,1.0,0.25,0.0036869780505398623,0.25,4.205076960997202,0.0,1.7264025370619853,2.25,1,0.0019199818089781218,0.0010812327739082583,-0.0038271800216922447
2025-03-10,11.0,1.0,1.0,0.25,0.0036869780505398623,0.25,4.205076960997202,0.0,1.7264025370619853,2.25,0,0.001416049371214978,-0.028152279593884777,-0.05916076304169371
2025-03-11,11.0,0.0,0.0,0.0,0.0,1.0,0.0,0.0,1.673417281131922,2.25,1,0.0043844136884070295,0.01487254478175326,0.038394098331526516
2025-03-12,13.0,1.0,1.0,0.25,0.0008583031883595111,0.25,2.3000017581682513,0.0,1.5644363999745934,2.25,1,-0.003150275333536845,0.01842905288190022,-0.015214175648993744
2025-03-13,13.0,1.0,1.0,0.25,0.0008583031883595111,0.25,2.3000017581682513,0.0,1.5644363999745934,2.25,0,-7.318062708305817e-05,-0.0051868085876403125,0.015464126028481351
2025-03-14,13.0,1.0,1.0,0.25,0.0008583031883595111,0.25,2.3000017581682513,0.0,1.5644363999745934,2.25,0,-0.0009405737394876379,0.013900454406662321,0.017524501890994415
2025-03-17,13.0,1.0,1.0,0.25,0.0008583031883595111,0.25,2.3000017581682513,0.0,1.5644363999745934,2.25,0,-0.0005799861845048326,0.0020295181812408636,-0.02727917973447358
2025-03-18,6.0,0.0,0.0,0.0,0.0,1.0,0.0,0.0,1.6060198711370715,2.25,1,0.0012157715626099908,-0.004320256042216752,0.023505616738731083
2025-03-19,6.0,0.0,0.0,0.0,0.0,1.0,0.0,0.0,1.6060198711370715,2.25,0,-0.0006322470676066727,-0.008598055022868922,-0.03815865392182238
2025-03-20,6.0,0.0,0.0,0.0,0.0,1.0,0.0,0.0,1.6060198711370715,2.25,0,0.0,-0.028477627212746826,-0.013570669118334933
2025-03-21,6.0,0.0,0.0,0.0,0.0,1.0,0.0,0.0,1.6060198711370715,2.25,0,0.0,0.008134073451828705,0.004641057142632965
2025-03-24,6.0,0.0,0.0,0.0,0.0,1.0,0.0,0.0,1.6060198711370715,2.25,0,0.0,0.003853923991850694,-0.022054586001476473
2025-03-25,6.0,0.0,0.0,0.0,0.0,1.0,0.0,0.0,1.6060198711370715,2.25,0,0.0,0.002661455761593823,-0.030037557410998006
2025-03-26,6.0,0.0,0.0,0.0,0.0,1.0,0.0,0.0,1.6060198711370715,2.25,0,0.0,-0.0020826779955874786,0.023464332132353105
2025-03-27,9.0,2.0,2.0,0.4393978073260888,0.005872584606083795,0.4393978073260888,2.145135378462087,0.0,1.0965947850139983,2.161111111111111,1,0.0,-0.014927950033117199,0.0021497384151731858
2025-03-28,10.0,1.0,1.0,0.25,0.015876434492131424,0.25,2.3368504206532528,0.0,1.1078399926661489,2.1700000000000004,1,-0.0001270251524116972,-0.01772034469180528,-0.004681020983710371
2025-03-31,8.0,0.0,0.0,0.0,0.0,1.0,0.0,0.0,1.3715585359174787,2.15,1,-0.001376527719055054,-0.009983025028112658,-0.0035191094512174725
2025-04-01,8.0,0.0,0.0,0.0,0.0,1.0,0.0,0.0,1.3715585359174787,2.15,0,0.0007247580546667631,-0.0050108988013365385,0.021642925634516308
2025-04-02,8.0,0.0,0.0,0.0,0.0,1.0,0.0,0.0,1.3715585359174787,2.15,0,0.0,-0.01248618672348556,-0.0015396902970523652
2025-04-03,8.0,0.0,0.0,0.0,0.0,1.0,0.0,0.0,1.3715585359174787,2.15,0,0.0,0.018311982653865355,0.0018331406278526696
2025-04-04,8.0,0.0,0.0,0.0,0.0,1.0,0.0,0.0,1.3715585359174787,2.15,0,0.0,0.02345938246638113,0.07371839345593667
2025-04-07,8.0,0.0,0.0,0.0,0.0,1.0,0.0,0.0,1.3715585359174787,2.15,0,0.0,0.009555487985496436,0.046487718032006464
2025-04-08,5.0,2.0,2.0,0.3647350554152191,0.003849849249049369,0.3647350554152191,2.548065758900293,0.0,2.4401814093226237,2.01,1,0.0,0.01534522218718748,-0.06105708940709609
2025-04-09,5.0,2.0,2.0,0.3647350554152191,0.003849849249049369,0.3647350554152191,2.548065758900293,0.0,2.4401814093226237,2.01,0,-9.755048306925307e-05,-0.03849141161874503,0.124334269768412
2025-04-10,5.0,2.0,2.0,0.3647350554152191,0.003849849249049369,0.3647350554152191,2.548065758900293,0.0,2.4401814093226237,2.01,0,-0.0017781523392088605,-0.024489165914846622,-0.08436447672940495
2025-04-11,3.0,0.0,0.0,0.0,0.0,1.0,0.0,0.0,3.1001293500678146,1.5,1,-0.0019796619474734545,-0.006972384936043907,0.014357018423192924
2025-04-14,2.0,1.0,1.0,0.25,0.003251041917528659,0.25,2.1317130024392084,0.0,2.641552564960123,1.5,1,0.0031203101800383326,-0.012891087571845539,-0.015727496913362837
2025-04-15,2.0,1.0,1.0,0.25,0.003251041917528659,0.25,2.1317130024392084,0.0,2.641552564960123,1.5,0,-6.867758231066112e-05,-0.009936895179490368,-0.06820016153916442
2025-04-16,1.0,0.0,0.0,0.0,0.0,1.0,0.0,0.0,2.4803899131253786,1.5,1,0.003222443124895724,0.02478098327897249,0.028610725930467318
2025-04-17,3.0,1.0,1.0,0.25,0.0062148280879404175,0.25,1.7111926590288622,0.0,1.1491986277128896,1.5,1,0.0021199187272902265,-0.023135460811322117,0.014873877218439802
2025-04-21,3.0,1.0,1.0,0.25,0.0062148280879404175,0.25,1.7111926590288622,0.0,1.1491986277128896,1.5,0,-7.605712176828039e-05,0.038586603571431066,0.08996215192020318
2025-04-22,3.0,1.0,1.0,0.25,0.0062148280879404175,0.25,1.7111926590288622,0.0,1.1491986277128896,1.5,0,-0.0011722742861545177,-0.04620345293109274,-0.00918365238435448
2025-04-23,2.0,0.0,0.0,0.0,0.0,1.0,0.0,0.0,1.0146269267393921,1.5,1,0.025483069386429635,0.05897985580860765,0.12887372591971902
2025-04-24,2.0,1.0,1.0,0.25,0.00876977408447211,0.25,4.09624438625808,0.0,1.0548588429508399,1.5,1,-0.0021143271092162186,0.029843728561580463,0.09490571971776274
2025-04-25,4.0,2.0,2.0,0.42764673055775926,0.0072360935397578555,0.42764673055775926,3.021513530215035,0.0,0.9816540001871756,1.5,1,-7.487616634715977e-05,0.002139165197799997,0.026409091969870513
2025-04-28,4.0,2.0,2.0,0.42764673055775926,0.0072360935397578555,0.42764673055775926,3.021513530215035,0.0,0.9816540001871756,1.5,0,-0.0003768415319884699,-0.0053442887890758906,0.01864109465500907
2025-04-29,3.0,0.0,0.0,0.0,0.0,1.0,0.0,0.0,0.5910662627149006,1.75,1,0.002102787821484542,-0.02604253940014123,-0.05521169695483186
2025-04-30,4.0,1.0,1.0,0.25,0.00244377876388094,0.25,2.976589188777482,0.0,0.4284195416063963,1.875,1,-0.006966495633178749,-0.01974860631298947,-0.04363951179534731
2025-05-01,4.0,1.0,1.0,0.25,0.00244377876388094,0.25,2.976589188777482,0.0,0.4284195416063963,1.875,0,-6.370629634788738e-05,-0.004230869995205833,0.13537698801058662
2025-05-02,4.0,3.0,3.0,0.6914219467490749,0.0073211405365049545,0.6914219467490749,3.1909746030942947,0.0,0.13600355772525755,1.8624999999999998,1,-0.003054416495058443,0.006439579561702935,0.014011050805561975
2025-05-05,4.0,2.0,2.0,0.45144850904580136,0.006282242637396766,0.45144850904580136,3.2900378488884203,0.0,0.387237361788142,1.775,1,-0.00013251842223638288,-0.019243245384022223,-0.054155302632667324
2025-05-06,4.0,2.0,2.0,0.45144850904580136,0.006282242637396766,0.45144850904580136,3.2900378488884203,0.0,0.387237361788142,1.775,0,-0.0036858065301804688,-0.029323268682051262,-0.002316950488199021
2025-05-07,4.0,0.0,0.0,0.0,0.0,1.0,0.0,0.0,0.5153655306663508,1.5,1,0.0030831321028310654,0.0030378641438340015,0.009368296375510399
2025-05-08,4.0,0.0,0.0,0.0,0.0,1.0,0.0,0.0,0.5153655306663508,1.5,0,0.0008402504965259183,0.02614311668945568,0.07595327373537164
2025-05-09,4.0,0.0,0.0,0.0,0.0,1.0,0.0,0.0,0.5153655306663508,1.5,0,0.0,0.0007215924311720912,0.015098316878677354
2025-05-12,4.0,0.0,0.0,0.0,0.0,1.0,0.0,0.0,0.5153655306663508,1.5,0,0.0,0.06321887224066725,0.09656837176432731
2025-05-13,4.0,0.0,0.0,0.0,0.0,1.0,0.0,0.0,0.5153655306663508,1.5,0,0.0,0.006833075477849837,0.02217810596925429
2025-05-14,4.0,0.0,0.0,0.0,0.0,1.0,0.0,0.0,0.5153655306663508,1.5,0,0.0,-6.114407949597833e-05,-0.011528997886420367
2025-05-15,4.0,0.0,0.0,0.0,0.0,1.0,0.0,0.0,0.5153655306663508,1.5,0,0.0,-0.007859598196493844,-0.02441493491991298
2025-05-16,4.0,0.0,0.0,0.0,0.0,1.0,0.0,0.0,0.5153655306663508,1.5,0,0.0,-0.00623240990761087,0.0013700530224067808
2025-05-19,4.0,0.0,0.0,0.0,0.0,1.0,0.0,0.0,0.5153655306663508,1.5,0,0.0,-0.012303227162154706,-0.04162367278232393
2025-05-20,4.0,0.0,0.0,0.0,0.0,1.0,0.0,0.0,0.5153655306663508,1.5,0,0.0,0.015268924800233785,0.015655178918756008
2025-05-21,4.0,0.0,0.0,0.0,0.0,1.0,0.0,0.0,0.5153655306663508,1.5,0,0.0,-0.0030300870329621477,-0.02981529735053301
2025-05-22,4.0,1.0,1.0,0.25,0.0022746989319190757,0.25,1.5580154679298879,0.0,0.6574259674232876,1.6875,1,0.0,0.006879357669492325,-0.057271755427400706
2025-05-23,4.0,1.0,1.0,0.25,0.0022746989319190757,0.25,1.5580154679298879,0.0,0.6574259674232876,1.6875,0,-6.273522511290874e-05,-0.006584517575148996,-0.010975661995548558
2025-05-27,4.0,0.0,0.0,0.0,0.0,1.0,0.0,0.0,0.4603914242518607,2.0625,1,0.0021406133507373415,0.013493993186677988,0.009364529938654442
2025-05-28,4.0,0.0,0.0,0.0,0.0,1.0,0.0,0.0,0.4603914242518607,2.0625,0,-0.014764601192513549,-0.019142640318352555,-0.009758318760885953
2025-05-29,4.0,1.0,1.0,0.25,0.003111868301138048,0.25,3.4393420390886997,0.0,0.7552740080401861,1.5,1,0.0,0.00544203250327735,-0.017131843771043154
2025-05-30,4.0,1.0,1.0,0.25,0.003111868301138048,0.25,3.4393420390886997,0.0,0.7552740080401861,1.5,0,-6.245480439548423e-05,-0.01785237300060083,-0.04119062616706637
2025-06-02,4.0,1.0,1.0,0.25,0.003111868301138048,0.25,3.4393420390886997,0.0,0.7552740080401861,1.5,0,-0.004069711486664351,0.002292841698155579,-0.011595057132740338
2025-06-03,6.0,1.0,1.0,0.25,0.00467947426801962,0.25,1.5058405675969313,0.0,0.5211235906111057,1.75,1,0.0019537605465758112,0.018726082996038507,0.06624294979118917
2025-06-04,5.0,2.0,2.0,0.48665942438989385,0.007548620560939849,0.48665942438989385,2.5728123745992106,0.0,0.3303431617448597,1.95,1,0.0010470065219567726,0.0012432210501518437,0.03156729225658195
2025-06-05,5.0,2.0,2.0,0.48665942438989385,0.007548620560939849,0.48665942438989385,2.5728123745992106,0.0,0.3303431617448597,1.95,0,0.0005809299293306758,0.006137937704417951,-0.061606450920589806
2025-06-06,6.0,1.0,1.0,0.25,0.003003967147615537,0.25,3.63978418160149,0.0,0.23163611307248638,2.125,1,-0.0016343218531357229,0.01918115590117453,0.04568757262940304
2025-06-09,7.0,0.0,0.0,0.0,0.0,1.0,0.0,0.0,0.2873526227080333,2.142857142857143,1,0.006505564914659923,0.022471383979228543,0.010428179558947148
2025-06-10,7.0,1.0,1.0,0.25,0.004743344961625504,0.25,2.2836372551480033,0.0,0.2941088874866239,2.142857142857143,1,0.0008891228504210869,0.015868297356164573,0.03362591807380433
2025-06-11,7.0,1.0,1.0,0.25,0.004743344961625504,0.25,2.2836372551480033,0.0,0.2941088874866239,2.142857142857143,0,-5.821288821172832e-05,-0.010775106237647658,0.044139250370307526
2025-06-12,7.0,1.0,1.0,0.25,0.004743344961625504,0.25,2.2836372551480033,0.0,0.2941088874866239,2.142857142857143,0,0.0014878174860644133,-0.01124764357623076,-0.04090900197879732
2025-06-13,7.0,1.0,1.0,0.25,0.004743344961625504,0.25,2.2836372551480033,0.0,0.2941088874866239,2.142857142857143,0,-0.004767009555241453,0.010589824332370101,-0.022460895035941286
2025-06-16,6.0,0.0,0.0,0.0,0.0,1.0,0.0,0.0,0.37732554887569786,2.0,1,0.0032317557081806836,0.011029603552288325,0.03992620402500591
2025-06-17,6.0,0.0,0.0,0.0,0.0,1.0,0.0,0.0,0.37732554887569786,2.0,0,-0.0035493029985047553,-0.0017718332294044403,-0.022085878904395728
2025-06-18,6.0,1.0,1.0,0.25,0.004288372817609174,0.25,1.851082191942709,0.0,0.5174584975809419,1.75,1,0.0,0.010547697370276499,-0.01566668900499746
2025-06-20,6.0,1.0,1.0,0.25,0.004288372817609174,0.25,1.851082191942709,0.0,0.5174584975809419,1.75,0,-6.448990643670438e-05,0.009416575355565504,-0.004710213666031526
2025-06-23,6.0,3.0,3.0,0.6458736976184738,0.004403645832309008,0.6458736976184738,1.724371490253547,0.0,0.5161155636346049,1.625,1,-0.009124043616749344,-0.026625089563604543,-0.04696464538842937
2025-06-24,6.0,3.0,3.0,0.6458736976184738,0.004403645832309008,0.6458736976184738,1.724371490253547,0.0,0.5161155636346049,1.625,0,0.0015981482898110855,-0.017098787453780462,0.026947847832174743
2025-06-25,6.0,1.0,1.0,0.25,0.004462210560668068,0.25,1.851082191942709,0.0,0.4182820167337424,1.75,1,0.003586162641516344,0.015785032273558652,0.05224888796755933
2025-06-26,6.0,2.0,2.0,0.41371782965105447,0.004109773232832981,0.41371782965105447,2.6967878924929813,0.0,0.3622329348251274,1.75,1,-0.0025988654616088125,0.02115278524587061,-0.0424684673850555
2025-06-27,8.0,3.0,3.0,0.6839143999718579,0.0076242610160744,0.6839143999718579,2.8375275748462028,0.0,0.37704955601110035,1.78125,1,-0.0008562282312338798,-0.01079309219730773,-0.01715477468221338
2025-06-30,7.0,1.0,1.0,0.25,0.001310156591942931,0.25,1.5554530978551409,0.0,0.36766056098201716,1.7142857142857142,1,0.005823330772984026,0.0021831895666675205,0.0025339695074846347
2025-07-01,7.0,0.0,0.0,0.0,0.0,1.0,0.0,0.0,0.3575755015660132,1.8214285714285714,1,-0.009071869369476238,0.0007426296407964106,0.04451035705420425
2025-07-02,6.0,1.0,1.0,0.25,0.002446691378974201,0.25,1.8819895937632225,0.0,0.3562916011473045,1.875,1,0.0012496102200350023,0.022685738768182473,0.052519479356748056
2025-07-03,5.0,0.0,0.0,0.0,0.0,1.0,0.0,0.0,0.1494320337586274,2.17,1,-6.620106496812994e-05,-0.0009428841022615098,-0.027131711236001887
2025-07-07,5.0,0.0,0.0,0.0,0.0,1.0,0.0,0.0,0.1494320337586274,2.17,0,-0.00045820513999683676,-0.006183646981851365,-0.032061760901081704
2025-07-08,5.0,0.0,0.0,0.0,0.0,1.0,0.0,0.0,0.1494320337586274,2.17,0,0.0,0.0093625037435765,0.040821960827112314
2025-07-09,5.0,0.0,0.0,0.0,0.0,1.0,0.0,0.0,0.1494320337586274,2.17,0,0.0,-0.039514258432498006,0.06100943046120677
2025-07-10,5.0,0.0,0.0,0.0,0.0,1.0,0.0,0.0,0.1494320337586274,2.17,0,0.0,0.023120606288991485,0.026813397048741416
2025-07-11,5.0,0.0,0.0,0.0,0.0,1.0,0.0,0.0,0.1494320337586274,2.17,0,0.0,-0.006788244180988112,0.002922775179740711
2025-07-14,5.0,0.0,0.0,0.0,0.0,1.0,0.0,0.0,0.1494320337586274,2.17,0,0.0,-0.048011665829023054,-0.09190748636527046
2025-07-15,5.0,0.0,0.0,0.0,0.0,1.0,0.0,0.0,0.1494320337586274,2.17,0,0.0,0.01135559414335674,-0.019598719309667723
2025-07-16,12.0,2.0,2.0,0.4843624647932513,0.002749247372225909,0.4843624647932513,2.4687228139445114,0.0,0.81309629203654,1.875,1,0.0,0.014742959516026222,0.022695747651788833
2025-07-17,12.0,4.0,4.0,0.8498297718909995,0.007011879931381915,0.8498297718909995,2.4286056144658605,0.0,0.8331564899157524,1.875,1,-0.000136511433791342,-0.009200949042781015,0.06503351536972546
2025-07-18,11.0,5.0,5.0,1.0436286342431795,0.010602507701343983,1.0436286342431795,2.418477095079737,0.0,0.8846946088153683,1.8409090909090908,1,-0.006296762480030305,-0.04733834004953186,0.03152895692505808
2025-07-21,9.0,3.0,3.0,0.6931219169248772,0.006574741351746756,0.6931219169248772,2.3962581886046364,0.0,0.837456519873911,2.0,1,0.007449676309482678,-0.00894169850061699,0.004824282833458593
2025-07-22,10.0,0.0,0.0,0.0,0.0,1.0,0.0,0.0,0.8478654051902441,2.1,1,0.007840707268519154,-0.023302856191388388,0.033835987131833445
2025-07-23,12.0,2.0,2.0,0.4322200972313459,0.005731362421695469,0.4322200972313459,2.089957848653581,0.0,0.6474501910270345,2.154166666666667,1,0.0031172895170534787,0.03195234711390449,0.04392671297730466
2025-07-24,13.0,1.0,1.0,0.25,0.006154706810140844,0.25,3.1651737439653043,0.0,0.715243219662871,2.0423076923076926,1,-0.00012923704859479912,-0.004912836712359647,0.07388352073397031
2025-07-25,12.0,5.0,5.0,0.997628902988937,0.01291520363529992,0.997628902988937,2.733288473342012,0.0,0.7902574723349948,1.9625000000000001,1,0.04703151485391022,-0.013014897292604521,0.10902073978680793
2025-07-28,13.0,4.0,4.0,0.782279300899098,0.007927465154475998,0.782279300899098,2.5535193693186264,0.0,0.8161458652904304,2.1576923076923076,1,0.002146043022792643,0.016645611157880325,0.03247955932886426
2025-07-29,14.0,1.0,1.0,0.25,0.001034737640339902,0.25,2.5263913559401563,0.0,0.8688923999232377,2.164285714285714,1,0.010277676591867069,-0.01875358007871908,-0.0036237069864147875
2025-07-30,12.0,3.0,3.0,0.6115588348859207,0.01820084316840412,0.6115588348859207,3.396770470884236,0.0,0.6879534965424441,2.0833333333333335,1,-0.0003995719715123025,-0.009734192660614815,0.03488307648027944
2025-07-31,14.0,6.0,6.0,1.1209298900336468,0.012877701025762814,1.1209298900336468,3.0313335092514837,0.0,0.5573346485927553,2.0785714285714287,1,0.0019693923332793073,-0.022937076986625837,-0.0464421314873712
2025-08-01,18.0,6.0,6.0,1.1669263441632753,0.011136321002530938,1.1669263441632753,2.9138144556160266,0.0,0.6692425822182806,2.1166666666666667,1,-0.0015988177645333002,0.025544477762787787,-0.03992097822242091
2025-08-04,17.0,4.0,4.0,0.6739398431872401,0.007348685795972123,0.6739398431872401,3.018586543412815,0.0,0.4508422173943698,1.9205882352941175,1,-0.010631283812277403,-0.0352978761530377,-0.03263047487699722
2025-08-05,16.0,4.0,4.0,0.8056574842202182,0.010693504802852676,0.8056574842202182,2.540073459715672,0.0,1.129854316031796,1.75625,1,-0.01831195357272175,-0.023426453503576306,-0.049845727035868426
2025-08-06,17.0,3.0,3.0,0.5116424431250988,0.005698398237617733,0.5116424431250988,2.916419134870481,0.0,1.1238327289715524,1.5205882352941178,1,-0.022032729133149465,-0.03157277784672852,0.01849116564166775
2025-08-07,17.0,5.0,5.0,0.8566289079646092,0.009768080811969351,0.8566289079646092,2.501952211029969,0.0,1.1214261183287875,1.5205882352941178,1,0.0036970879249182964,0.01720432802283156,0.012079061758639709
2025-08-08,19.0,3.0,3.0,0.5813473972740341,0.007951186408176013,0.5813473972740341,2.0501994948587803,0.0,1.042868019533194,1.6763157894736842,1,-0.007315980996185023,-0.031048349603596925,-0.0015028281941626975
2025-08-11,17.0,2.0,2.0,0.4433427707049191,0.008650294832453775,0.4433427707049191,2.304453277254721,0.0,0.7906724355322223,1.8058823529411765,1,-0.001367327728943657,-0.007844838674473609,-0.009849217780637964
2025-08-12,14.0,1.0,1.0,0.25,0.005697593515750542,0.25,3.0532769299608966,0.0,0.2926496492879307,2.085714285714286,1,0.0012135910641324354,-0.006520264899188,0.04780266416227952
2025-08-13,14.0,1.0,1.0,0.25,0.005697593515750542,0.25,3.0532769299608966,0.0,0.2926496492879307,2.085714285714286,0,-0.001432858868408271,0.04882804063947899,-0.10708254089574587
2025-08-14,14.0,2.0,2.0,0.4198342319732781,0.0050630618602893005,0.4198342319732781,2.4215231247490383,0.0,1.0310366955514154,1.8464285714285715,1,-0.0013017885146058283,0.011017576847001331,0.00485400934199709
2025-08-15,14.0,2.0,2.0,0.4198342319732781,0.0050630618602893005,0.4198342319732781,2.4215231247490383,0.0,1.0310366955514154,1.8464285714285715,0,-0.002283728530354079,0.027188267659008947,-0.0008990286038765838
2025-08-18,15.0,3.0,3.0,0.4624758326131462,0.0035659272707791647,0.4624758326131462,2.439813434401904,0.0,1.2789837744547126,1.6,1,0.004534787965444043,0.02086169901133439,0.04467053851372649
2025-08-19,17.0,3.0,3.0,0.46300550636496524,0.0037652803353527154,0.46300550636496524,2.4207430889828134,0.0,1.2424204314808271,1.697058823529412,1,-0.0003357597341859808,-0.003311955725000315,-0.08517042831419608
2025-08-20,19.0,2.0,2.0,0.29668515753823166,0.0013699073047444342,0.29668515753823166,2.1044761684937714,0.0,0.9824917741920653,2.013157894736842,1,-0.0004957442944075741,0.007536470183176602,0.06266132421039217
2025-08-21,15.0,1.0,1.0,0.25,0.0011649607141028342,0.25,1.6786413507924691,0.0,0.4948748248313778,2.1733333333333333,1,-0.004632988678179739,-0.010885193792416814,0.007856382948318252
2025-08-22,15.0,1.0,1.0,0.25,0.0011649607141028342,0.25,1.6786413507924691,0.0,0.4948748248313778,2.1733333333333333,0,-0.003112825707807798,0.03406922978285287,-0.06314225010747498
2025-08-25,21.0,0.0,0.0,0.0,0.0,1.0,0.0,0.0,1.2208697623227474,1.9261904761904762,1,0.0016517198128620514,-0.00393064232420004,0.012319760335729013
2025-08-26,19.0,2.0,2.0,0.4926953058059139,0.002718807829171545,0.4926953058059139,1.8789137275541403,0.0,1.3922113178560003,1.7552631578947369,1,-0.001179799783753488,-0.014805637811105443,0.03763487114463482
2025-08-27,20.0,1.0,1.0,0.25,0.001611701454636784,0.25,1.6376532054183666,0.0,1.456139328438556,2.0125,1,-0.00012937450494709957,0.012716557689945507,-0.007731036237109135
2025-08-28,20.0,1.0,1.0,0.25,0.001611701454636784,0.25,1.6376532054183666,0.0,1.456139328438556,2.0125,0,-0.00200688299981866,0.009640142544946162,0.0032405954656102853
2025-08-29,17.0,0.0,0.0,0.0,0.0,1.0,0.0,0.0,1.405891205083578,2.0852941176470585,1,0.0005452852864342717,-0.00773289059633453,-0.11456085769732494
2025-09-02,17.0,0.0,0.0,0.0,0.0,1.0,0.0,0.0,1.405891205083578,2.0852941176470585,0,-0.0044287981939014065,-0.01385061112670427,-0.11222166896842944
2025-09-03,17.0,0.0,0.0,0.0,0.0,1.0,0.0,0.0,1.405891205083578,2.0852941176470585,0,0.0,-0.034634207658777005,-0.04283000226881484
2025-09-04,17.0,0.0,0.0,0.0,0.0,1.0,0.0,0.0,1.405891205083578,2.0852941176470585,0,0.0,0.010908063735345808,-0.11891234458917521
2025-09-05,11.0,1.0,1.0,0.25,0.004780646131751957,0.25,1.8820910893791105,0.0,0.8098508698001964,2.1045454545454545,1,0.0,0.002270080455275769,-0.07211569399095441
2025-09-08,8.0,1.0,1.0,0.25,0.0015361401525626761,0.25,3.587398971499489,0.0,0.8120471402809575,2.10625,1,-7.384113487052257e-05,-0.012839056043417507,0.04732389546103133
2025-09-09,9.0,0.0,0.0,0.0,0.0,1.0,0.0,0.0,0.8113785600058889,2.1666666666666665,1,-0.004814866167675236,0.0005667542128529046,0.023011103047001713
2025-09-10,9.0,0.0,0.0,0.0,0.0,1.0,0.0,0.0,0.8113785600058889,2.1666666666666665,0,0.0008614843994301236,-0.02296244624521493,0.056307446788335325
2025-09-11,12.0,2.0,2.0,0.43932628952212927,0.00577235395983147,0.43932628952212927,2.3136888655294237,0.0,0.6154957900820399,2.1875,1,0.0,0.0016143172176736886,0.0778698649195948
2025-09-12,12.0,2.0,2.0,0.43932628952212927,0.00577235395983147,0.43932628952212927,2.3136888655294237,0.0,0.6154957900820399,2.1875,0,-0.000126955315150723,-0.027000674700960237,-0.019410106922791437
2025-09-15,9.0,1.0,1.0,0.25,0.0034348793987802532,0.25,2.5531715683006895,0.0,1.1899377750724462,1.9166666666666667,1,0.003360418256273645,0.011384938967732072,-0.08203758914196935
2025-09-16,8.0,0.0,0.0,0.0,0.0,1.0,0.0,0.0,1.239739116685357,2.15625,1,0.0007142044666375025,0.0054614591146495695,-0.024970526792418513
2025-09-17,8.0,0.0,0.0,0.0,0.0,1.0,0.0,0.0,1.239739116685357,2.15625,0,0.0008324802361723282,0.004924287766799873,-0.0013393665891702211
2025-09-18,8.0,0.0,0.0,0.0,0.0,1.0,0.0,0.0,1.239739116685357,2.15625,0,0.0,-0.035211234574206385,-0.11801036793192021
2025-09-19,11.0,2.0,2.0,0.387676141873877,0.004250329446640081,0.387676141873877,3.238633516537317,0.0,0.7819507875528382,2.1818181818181817,1,0.0,0.012237355710895015,-0.009819830058009016
2025-09-22,11.0,2.0,2.0,0.4434695060040715,0.004943600179216689,0.4434695060040715,2.727000138717301,0.0,0.5555465276620599,2.25,1,-0.0001080218362551344,0.00038464820200134753,0.03513527518728665
2025-09-23,11.0,2.0,2.0,0.4434695060040715,0.004943600179216689,0.4434695060040715,2.727000138717301,0.0,0.5555465276620599,2.25,0,8.344319069264472e-06,0.017715249180147996,0.09315820229957428
2025-09-24,11.0,2.0,2.0,0.4434695060040715,0.004943600179216689,0.4434695060040715,2.727000138717301,0.0,0.5555465276620599,2.25,0,0.008864694112385774,0.022760091724139064,0.10476867715124927
2025-09-25,12.0,1.0,1.0,0.25,0.0033175810967633855,0.25,2.8019503797983756,0.0,0.5587514035718186,2.25,1,-0.007293916298579783,-0.011430458690358858,-0.05378640886209418
2025-09-26,12.0,1.0,1.0,0.25,0.0033175810967633855,0.25,2.8019503797983756,0.0,0.5587514035718186,2.25,0,-0.00233246318992153,-0.014347561194618663,0.033557611764640116
2025-09-29,11.0,1.0,1.0,0.25,0.0017556824783853695,0.25,2.4231009938693586,0.0,0.9824090078409378,2.25,1,0.0013934751640172216,-0.02076675856768817,-0.08443270728384178
2025-09-30,9.0,1.0,1.0,0.25,0.002484248948707894,0.25,2.897331051102163,0.0,1.0138347071414067,2.1611111111111114,1,0.0014705636682033063,0.03211849198594807,0.020974632639906954
2025-10-01,11.0,2.0,2.0,0.44722920012020667,0.004846450633277206,0.44722920012020667,3.0734220278862345,0.0,1.0415698830194875,2.213636363636364,1,0.0005048890043961585,0.03687213120333643,-0.15647506400734723
2025-10-02,11.0,1.0,1.0,0.25,0.005353688688087587,0.25,2.408358117667763,0.0,0.9870996821245044,2.1818181818181817,1,0.01113992041344547,-0.017054410857130442,0.06879345753768318
2025-10-03,11.0,1.0,1.0,0.25,0.005353688688087587,0.25,2.408358117667763,0.0,0.9870996821245044,2.1818181818181817,0,-0.0013480970207662146,-0.000832874602124889,0.03865982185484618
2025-10-06,11.0,1.0,1.0,0.25,0.005353688688087587,0.25,2.408358117667763,0.0,0.9870996821245044,2.1818181818181817,0,-0.0006789905586642719,-0.016580891118435637,0.16187103112968537
2025-10-07,11.0,1.0,1.0,0.25,0.005353688688087587,0.25,2.408358117667763,0.0,0.9870996821245044,2.1818181818181817,0,-0.004879334828275406,-0.010216901561079572,0.0661119172941278
2025-10-08,10.0,0.0,0.0,0.0,0.0,1.0,0.0,0.0,0.48633629306862197,2.25,1,0.0029830613440773313,0.0036700261263695744,0.020066617930974306
2025-10-09,10.0,0.0,0.0,0.0,0.0,1.0,0.0,0.0,0.48633629306862197,2.25,0,-0.0025984936739290587,-0.01655986923247199,0.01649519014177292
2025-10-10,10.0,0.0,0.0,0.0,0.0,1.0,0.0,0.0,0.48633629306862197,2.25,0,0.0,0.04383353637633669,0.08472502779720181
2025-10-13,9.0,1.0,1.0,0.25,0.005245192657926799,0.25,3.03886577500172,0.0,1.446022560670779,1.911111111111111,1,0.0,-0.028647142819265503,0.030377276296040367
2025-10-14,6.0,2.0,2.0,0.40459385029359807,0.011845884348892971,0.40459385029359807,2.40633728288602,0.0,1.8413262156749897,1.8083333333333333,1,-7.322381500063369e-05,-0.022715422142806196,-0.043833953845498375
2025-10-15,7.0,1.0,1.0,0.25,0.005413909054412396,0.25,3.03886577500172,0.0,1.9826090979922755,1.657142857142857,1,0.0015734523553201374,-0.011557754941647458,-0.01376330719261365
2025-10-16,8.0,0.0,0.0,0.0,0.0,1.0,0.0,0.0,1.9763659211584266,1.6375,1,0.005014035002423256,0.016236475390225102,0.1341320357386493
2025-10-17,8.0,0.0,0.0,0.0,0.0,1.0,0.0,0.0,1.9763659211584266,1.6375,0,-0.004000866149881821,-0.01454064186908155,-0.057594663142416125
2025-10-20,8.0,0.0,0.0,0.0,0.0,1.0,0.0,0.0,1.9763659211584266,1.6375,0,0.0,-0.008267620841985623,0.05059449098894442
2025-10-21,8.0,0.0,0.0,0.0,0.0,1.0,0.0,0.0,1.9763659211584266,1.6375,0,0.0,0.05843124614400752,-0.020693912342490628
2025-10-22,8.0,0.0,0.0,0.0,0.0,1.0,0.0,0.0,1.9763659211584266,1.6375,0,0.0,-0.009760909822070563,-0.031617792722598126
2025-10-23,10.0,1.0,1.0,0.25,0.005734760000914072,0.25,2.3931206267718985,0.0,1.133647966750714,1.795,1,0.0,0.024462714429283494,0.1812165982363907
2025-10-24,10.0,0.0,0.0,0.0,0.0,1.0,0.0,0.0,0.8134643968040642,2.025,1,-7.249820397359219e-05,-0.04039421271794019,0.15835054382937686
2025-10-27,10.0,0.0,0.0,0.0,0.0,1.0,0.0,0.0,0.8134643968040642,2.025,0,0.0042042425296069386,0.018789733664444697,0.05208883719446322
2025-10-28,10.0,0.0,0.0,0.0,0.0,1.0,0.0,0.0,0.8134643968040642,2.025,0,0.0,0.002935380731764692,-0.006683185071110209
2025-10-29,13.0,1.0,1.0,0.25,0.0016008476878679944,0.25,1.6032271932975484,0.0,0.9618666380122634,1.9,1,0.0,-0.0026295320183002957,-0.0680755450098054
2025-10-30,12.0,0.0,0.0,0.0,0.0,1.0,0.0,0.0,1.1354815082779273,1.8708333333333333,1,-7.781434924514219e-05,0.047513937741166856,-0.13812707337961272
2025-10-31,13.0,1.0,1.0,0.25,0.0016054252089441063,0.25,1.5785934457897,0.0,1.0177648415982736,1.9,1,-0.004452754459222996,0.009304161224898744,-0.026545184689196977
2025-11-03,12.0,0.0,0.0,0.0,0.0,1.0,0.0,0.0,1.0055920949439248,2.0625,1,-7.085132966078156e-05,-0.019547847716111955,-0.04834224389667707
2025-11-04,14.0,1.0,1.0,0.25,0.0017050861533512937,0.25,1.6595135444786222,0.0,0.7638813592974021,2.1142857142857143,1,0.0023208409934847296,0.04161390009102606,-0.02054422154537794
2025-11-05,14.0,1.0,1.0,0.25,0.0017050861533512937,0.25,1.6595135444786222,0.0,0.7638813592974021,2.1142857142857143,0,-7.754739619059148e-05,-0.017443962691898074,0.020690217862533666
2025-11-06,14.0,2.0,2.0,0.31959585546438396,0.002376246914282154,0.31959585546438396,2.28347271447688,0.0,0.7775425617346257,2.060714285714286,1,-0.0017131772447950278,0.030322564855855827,-0.20109251432711417
2025-11-07,14.0,3.0,3.0,0.6142540437960304,0.016984769134870882,0.6142540437960304,2.9155635149337376,0.0,0.8464022280857281,2.085714285714286,1,0.0007099697059669285,-0.010650370950201937,-0.17179777229489213
2025-11-10,15.0,3.0,3.0,0.45191607064424877,0.003275346402088008,0.45191607064424877,2.7452498634998173,0.0,1.0826786573328449,2.0233333333333334,1,0.0016647026825489242,-0.023250408578035398,-0.12739362152408662
2025-11-11,16.0,2.0,2.0,0.31692709655284734,0.0009180534859117552,0.31692709655284734,2.6720481428546043,0.0,1.1408645817584624,2.109375,1,0.001218872632565704,0.00766527012928675,-0.007494860064555464
2025-11-12,15.0,3.0,3.0,0.5531587562908878,0.003903487694235897,0.5531587562908878,2.9032033488396056,0.0,0.9561811643856577,2.2,1,0.0008592347211153761,-0.01883093413288839,0.10597334245113643
2025-11-13,16.0,2.0,2.0,0.5,0.003552259761751678,0.5,2.881002345491493,0.0,0.9435794916088597,2.203125,1,-0.0006561441373587051,0.049407861935081954,-0.08855845378874327
2025-11-14,14.0,0.0,0.0,0.0,0.0,1.0,0.0,0.0,1.2567739166014138,2.0892857142857144,1,-0.0010441550741759897,-0.02242205069487979,-0.13195278487580642
2025-11-17,14.0,0.0,0.0,0.0,0.0,1.0,0.0,0.0,1.2567739166014138,2.0892857142857144,0,-0.001668550696765858,0.020298773911568757,0.16820804647483767
2025-11-18,14.0,0.0,0.0,0.0,0.0,1.0,0.0,0.0,1.2567739166014138,2.0892857142857144,0,0.0,-0.010626685668113312,0.043693278081502473
2025-11-19,14.0,0.0,0.0,0.0,0.0,1.0,0.0,0.0,1.2567739166014138,2.0892857142857144,0,0.0,-0.014837861014408094,0.18471074863293957
2025-11-20,14.0,0.0,0.0,0.0,0.0,1.0,0.0,0.0,1.2567739166014138,2.0892857142857144,0,0.0,0.029307898937882104,0.12799733156413584
2025-11-21,14.0,0.0,0.0,0.0,0.0,1.0,0.0,0.0,1.2567739166014138,2.0892857142857144,0,0.0,0.0007636996845465926,-0.08295506193995672
2025-11-24,14.0,0.0,0.0,0.0,0.0,1.0,0.0,0.0,1.2567739166014138,2.0892857142857144,0,0.0,-0.04741182680761491,0.04357157670752665
2025-11-25,14.0,0.0,0.0,0.0,0.0,1.0,0.0,0.0,1.2567739166014138,2.0892857142857144,0,0.0,0.0010550921162459925,-0.20941754667660462
2025-11-26,10.0,1.0,1.0,0.25,0.0017230430653857381,0.25,1.8541616023357577,0.0,1.7162127631578468,1.725,1,0.0,-0.042789058184981466,-0.06779781514027539
2025-11-28,10.0,1.0,1.0,0.25,0.0017230430653857381,0.25,1.8541616023357577,0.0,1.7162127631578468,1.725,0,-6.495142723383918e-05,-0.013665601801519989,-0.02523147214118049
2025-12-01,10.0,0.0,0.0,0.0,0.0,1.0,0.0,0.0,0.8365068589412527,2.1,1,0.00010859776979166291,0.025985882048852327,-0.1102371156169012
2025-12-02,10.0,0.0,0.0,0.0,0.0,1.0,0.0,0.0,0.8365068589412527,2.1,0,-0.0025140687985462096,0.02450511133876332,0.0745457482716716
2025-12-03,10.0,0.0,0.0,0.0,0.0,1.0,0.0,0.0,0.8365068589412527,2.1,0,0.0,-0.01851342062631267,0.11035229766765564
2025-12-04,10.0,0.0,0.0,0.0,0.0,1.0,0.0,0.0,0.8365068589412527,2.1,0,0.0,-0.014774034305628736,0.018768780852387756
2025-12-05,10.0,0.0,0.0,0.0,0.0,1.0,0.0,0.0,0.8365068589412527,2.1,0,0.0,-0.055834062264570106,0.026597165710928294
2025-12-08,10.0,0.0,0.0,0.0,0.0,1.0,0.0,0.0,0.8365068589412527,2.1,0,0.0,0.004721784851064781,-0.08304690519531399
2025-12-09,9.0,2.0,2.0,0.4430151892907655,0.0023153346861478985,0.4430151892907655,2.433823515087605,0.0,0.6183002024767448,2.1222222222222222,1,0.0,-0.062082444432678074,-0.05590093560922904
2025-12-10,9.0,3.0,3.0,0.666826457453003,0.004715094724647944,0.666826457453003,2.8661044206015265,0.0,0.6382781059660201,2.1222222222222222,1,-0.0001301566794512654,-0.0023499026110477272,-0.08247239994816002
2025-12-11,11.0,1.0,1.0,0.25,0.0029426639942247224,0.25,2.587802391457789,0.0,0.9369338242299399,2.1136363636363638,1,-0.003243428982376839,-0.01039346168356814,-0.128644618821937
2025-12-12,12.0,2.0,2.0,0.482373499559456,0.005381799515463796,0.482373499559456,2.353524326811554,0.0,1.0099672481905488,2.125,1,0.004712290100733929,0.046392640709318034,-0.17534987530810242
2025-12-15,11.0,3.0,3.0,0.6299848673068945,0.005796065594823607,0.6299848673068945,2.1731798962770736,0.0,1.179356616323343,1.9772727272727273,1,-0.0033012587351021194,-0.024164897953634634,-0.012393377026430619
2025-12-16,11.0,2.0,2.0,0.4605242716934057,0.005010085470933898,0.4605242716934057,2.353524326811554,0.0,1.0758758274756346,2.1136363636363638,1,0.004297854204941887,0.001957510864425638,0.04052552677417931
2025-12-17,9.0,0.0,0.0,0.0,0.0,1.0,0.0,0.0,1.1886035277161182,2.0,1,-0.0041812700011886195,0.0017377836471863528,-0.30744052230645014
2025-12-18,9.0,0.0,0.0,0.0,0.0,1.0,0.0,0.0,1.1886035277161182,2.0,0,-7.161552564383111e-05,-0.02606340616864089,0.2861753600995296
2025-12-19,9.0,0.0,0.0,0.0,0.0,1.0,0.0,0.0,1.1886035277161182,2.0,0,0.0,-0.029236511700829304,-0.24786790162531291
2025-12-22,9.0,0.0,0.0,0.0,0.0,1.0,0.0,0.0,1.1886035277161182,2.0,0,0.0,-0.020909594830950673,0.11023114295869685
2025-12-23,9.0,0.0,0.0,0.0,0.0,1.0,0.0,0.0,1.1886035277161182,2.0,0,0.0,-0.006934031629467485,0.15458146547980234
2025-12-24,9.0,0.0,0.0,0.0,0.0,1.0,0.0,0.0,1.1886035277161182,2.0,0,0.0,-0.017306994341285242,-0.000690169742564084
2025-12-26,9.0,0.0,0.0,0.0,0.0,1.0,0.0,0.0,1.1886035277161182,2.0,0,0.0,0.016687568882703285,-0.016811627037872534
2025-12-29,9.0,0.0,0.0,0.0,0.0,1.0,0.0,0.0,1.1886035277161182,2.0,0,0.0,0.006727255125192011,0.14180148551335403
2025-12-30,9.0,0.0,0.0,0.0,0.0,1.0,0.0,0.0,1.1886035277161182,2.0,0,0.0,0.013907599590804676,0.1351025292652437
2025-12-31,9.0,0.0,0.0,0.0,0.0,1.0,0.0,0.0,1.1886035277161182,2.0,0,0.0,0.008562338620296428,0.08671723551568289
2026-01-02,9.0,0.0,0.0,0.0,0.0,1.0,0.0,0.0,1.1886035277161182,2.0,0,0.0,-0.03488487179923383,-0.12217575051561269
2026-01-05,9.0,0.0,0.0,0.0,0.0,1.0,0.0,0.0,1.1886035277161182,2.0,0,0.0,-0.016338506884512105,0.2539321810862385
2026-01-06,7.0,1.0,1.0,0.25,0.0016028492048036573,0.25,3.232018941028877,0.0,0.9676673725453447,1.9285714285714286,1,0.0,-0.02009780503280001,-0.4688003763134101
2026-01-07,6.0,0.0,0.0,0.0,0.0,1.0,0.0,0.0,1.1157237899302843,1.875,1,-6.686750505180417e-05,-0.02014737502345998,0.677481577869768
2026-01-08,9.0,1.0,1.0,0.25,0.001286519664997292,0.25,1.6998081327209924,0.0,1.378623607660044,1.9166666666666667,1,0.0008195306435376803,0.07929413378499084,0.03046946393407679
2026-01-09,9.0,1.0,1.0,0.25,0.001286519664997292,0.25,1.6998081327209924,0.0,1.378623607660044,1.9166666666666667,0,-6.743344443893573e-05,-0.030325821609223036,-0.019214677002833525
2026-01-12,9.0,1.0,1.0,0.25,0.001286519664997292,0.25,1.6998081327209924,0.0,1.378623607660044,1.9166666666666667,0,-0.0031984004053703385,0.0097512083267286,-0.03260403930028477
2026-01-13,8.0,0.0,0.0,0.0,0.0,1.0,0.0,0.0,1.2318792379535555,2.15625,1,0.0006822435379614245,-0.03364408999230306,0.09508760907027969
2026-01-14,8.0,2.0,2.0,0.4685887100840176,0.0052162277766603735,0.4685887100840176,2.6209865112710142,0.0,1.0271947504844026,2.0625,1,-0.007445367288248184,0.0013677418345134917,0.02518227953868246
2026-01-15,8.0,0.0,0.0,0.0,0.0,1.0,0.0,0.0,0.4480950698793964,2.2,1,-0.00012521457013092707,-0.07439041991971707,-0.09020485828478098
2026-01-16,10.0,1.0,1.0,0.25,0.0018181599003407754,0.25,2.602180768367912,0.0,0.32754359054278037,2.21,1,0.002938910712291243,-0.0016079659541802238,0.07690594891221969
2026-01-20,8.0,2.0,2.0,0.5,0.0022833688784150655,0.5,2.9628300751099346,0.0,0.39923884429991463,2.2,1,-7.292824598026382e-05,0.006697732835828196,-0.21925386864324325
2026-01-21,10.0,1.0,1.0,0.25,0.0010235940616412445,0.25,2.3512093958836466,0.0,1.0657741185647136,1.9100000000000001,1,4.401459072189695e-05,-0.010504442597113584,-0.6125803299935183
2026-01-22,13.0,0.0,0.0,0.0,0.0,1.0,0.0,0.0,1.499251529392162,1.7000000000000002,1,0.0017271902117650395,0.05544204456457269,-0.1751056617448683
2026-01-23,12.0,2.0,2.0,0.3495822426901164,0.003976545558376486,0.3495822426901164,2.4532277565501364,0.0,1.4969585839580064,1.7166666666666668,1,0.0011074198180485162,0.039907711124135714,0.8348818087870797
2026-01-26,13.0,1.0,1.0,0.25,0.013724616850893436,0.25,2.232244699857533,0.0,1.495854862579191,1.6384615384615384,1,-9.741014380670876e-05,-0.02310987121194452,-0.07136197181269399
2026-01-27,13.0,1.0,1.0,0.25,0.013724616850893436,0.25,2.232244699857533,0.0,1.495854862579191,1.6384615384615384,0,-0.005911324861703204,-0.007041803346904407,-0.4660072465798478
2026-01-28,14.0,2.0,2.0,0.3637756181043666,0.010241299857972506,0.3637756181043666,1.9195223990708334,0.0,1.029886181675835,1.8214285714285714,1,-0.007905670213982585,-0.08338629548029064,-2.520764304461698
2026-01-29,14.0,2.0,2.0,0.3637756181043666,0.010241299857972506,0.3637756181043666,1.9195223990708334,0.0,1.029886181675835,1.8214285714285714,0,-0.0002975504710036603,-0.044800919299086917,-1.1022523702115217
2026-01-30,10.0,2.0,2.0,0.4059436491121809,0.005180142534662348,0.4059436491121809,2.2312280930864103,0.0,0.36128292972844883,2.1350000000000002,1,0.003344844493877508,0.06648460921364863,2.0684419799705807
2026-02-02,10.0,2.0,2.0,0.4059436491121809,0.005180142534662348,0.4059436491121809,2.2312280930864103,0.0,0.36128292972844883,2.1350000000000002,0,-0.0026763102068552147,-0.040734069780467674,-3.5555056910762852
2026-02-03,10.0,2.0,2.0,0.4059436491121809,0.005180142534662348,0.4059436491121809,2.2312280930864103,0.0,0.36128292972844883,2.1350000000000002,0,-0.007073224473095108,-0.0325632535386825,2.894631717036739
2026-02-04,9.0,3.0,3.0,0.5901370293361453,0.0032712702990372023,0.5901370293361453,2.7070007894528714,0.0,0.5170809198438397,2.1222222222222222,1,0.01056105284279818,0.07203673071832117,-0.0141703077611669
2026-02-05,10.0,4.0,4.0,0.6474723068593224,0.003437815315253303,0.6474723068593224,2.319073606716898,0.0,0.7101574542594925,1.7600000000000002,1,0.001744899108075737,-0.038077930096292456,-0.10924896512262727
2026-02-06,8.0,3.0,3.0,0.5912827192665502,0.006110484415390495,0.5912827192665502,2.1162269803671823,0.0,0.9811992309382399,1.6375,1,-0.002997560252093301,-0.059942362075999345,0.4331390750604007
2026-02-09,13.0,3.0,3.0,0.5181727946575923,0.0015843041089609188,0.5181727946575923,1.9251681858829135,0.0,1.4816465225853344,1.5576923076923077,1,0.00015948924448538904,-0.024676721721082262,-0.09542283170816901
2026-02-10,11.0,1.0,1.0,0.25,0.005496674641323031,0.25,2.2627432886923255,0.0,1.497937595675159,1.5681818181818181,1,-0.009695033432589595,0.02344136073289116,-0.2108993417117604
2026-02-11,11.0,1.0,1.0,0.25,0.005496674641323031,0.25,2.2627432886923255,0.0,1.497937595675159,1.5681818181818181,0,0.00804926531022021,-0.04952699676264982,0.171163336899381
2026-02-12,7.0,1.0,1.0,0.25,0.010495107623601528,0.25,3.1966128204339292,0.0,1.4131951035147867,1.5,1,0.007384444683000035,-0.0035190045639151846,0.28325279554448635
2026-02-13,8.0,2.0,2.0,0.28943228841487545,0.0010870260924444439,0.28943228841487545,2.7178065586268554,0.0,1.5848441167616891,1.5,1,0.005703084997698005,-0.0010381499770210079,-0.23523639196158552
2026-02-17,9.0,0.0,0.0,0.0,0.0,1.0,0.0,0.0,1.20572431565435,1.5,1,0.004252734561882132,0.05644560501278084,-0.06789746620699755
2026-02-18,10.0,1.0,1.0,0.25,0.005691446554548081,0.25,1.7315603985142638,0.0,1.2357642974398952,1.535,1,0.0007150376663518365,0.02773885464986603,0.4595107671909977
2026-02-19,10.0,0.0,0.0,0.0,0.0,1.0,0.0,0.0,1.2822674651604953,1.5699999999999998,1,-7.44981618321372e-05,0.04100629042259518,-0.42620973093016856
2026-02-20,16.0,1.0,1.0,0.25,0.0033124240618158077,0.25,2.959273818420551,0.0,1.3276543219796486,1.5656249999999998,1,0.002277537633647464,-0.06679625196785666,-0.2886205880087831
2026-02-23,16.0,1.0,1.0,0.25,0.0033124240618158077,0.25,2.959273818420551,0.0,1.3276543219796486,1.5656249999999998,0,-5.8396641808178273e-05,0.039279352879378227,-0.15891894786904381
2026-02-24,10.0,0.0,0.0,0.0,0.0,1.0,0.0,0.0,0.999885569774963,1.7150000000000003,1,0.0005183013314720153,-0.013663366136710042,-0.40739020139778315
2026-02-25,11.0,5.0,5.0,0.9526572765578725,0.007234084147773139,0.9526572765578725,2.0029225212379798,0.0,1.1731444363147168,1.5954545454545455,1,-0.0015304553403725496,-0.05940328313012899,1.3900126997266375
2026-02-26,12.0,3.0,3.0,0.47199218304204027,0.002318863763282624,0.47199218304204027,2.242116345368364,0.0,1.161171411559231,1.6500000000000001,1,-0.0002612422726785413,0.011307481985821655,-0.035123356048716636
2026-02-27,12.0,3.0,3.0,0.47199218304204027,0.002318863763282624,0.47199218304204027,2.242116345368364,0.0,1.161171411559231,1.6500000000000001,0,-0.010512394524304747,0.036515063878358456,-0.283253277272128
2026-03-02,8.0,0.0,0.0,0.0,0.0,1.0,0.0,0.0,1.2290440043025634,1.6875,1,0.0017549531358589388,-0.06698277198502534,-0.08259807859714996
2026-03-03,8.0,0.0,0.0,0.0,0.0,1.0,0.0,0.0,1.2290440043025634,1.6875,0,-0.0001236673426153745,0.0520803051735339,-0.24327986566727655
2026-03-04,8.0,0.0,0.0,0.0,0.0,1.0,0.0,0.0,1.2290440043025634,1.6875,0,0.0,-0.061292541336475326,-0.1317947452907765
2026-03-05,8.0,0.0,0.0,0.0,0.0,1.0,0.0,0.0,1.2290440043025634,1.6875,0,0.0,0.04575974373853575,-0.05193059955909707
2026-03-06,8.0,0.0,0.0,0.0,0.0,1.0,0.0,0.0,1.2290440043025634,1.6875,0,0.0,0.09153191007967654,-0.8318096618069034
2026-03-09,8.0,0.0,0.0,0.0,0.0,1.0,0.0,0.0,1.2290440043025634,1.6875,0,0.0,-0.028799807818559398,1.1353135035695288
2026-03-10,6.0,1.0,1.0,0.25,0.002059784274728538,0.25,1.742462430405567,0.0,1.1201119935539758,1.75,1,0.0,-0.07432869491883021,-0.10672014119080697
2026-03-11,6.0,0.0,0.0,0.0,0.0,1.0,0.0,0.0,1.05560301377868,1.75,1,-6.661695714083038e-05,0.0007520697914422669,0.8588829217263165
2026-03-12,6.0,0.0,0.0,0.0,0.0,1.0,0.0,0.0,1.05560301377868,1.75,0,-0.00030262035255024244,0.07313255296431675,-0.14509625883470578
2026-03-13,6.0,0.0,0.0,0.0,0.0,1.0,0.0,0.0,1.05560301377868,1.75,0,0.0,-0.02555015201483357,0.7992006805357288
2026-03-16,6.0,0.0,0.0,0.0,0.0,1.0,0.0,0.0,1.05560301377868,1.75,0,0.0,-0.053684950021608224,0.3979253880808129
2026-03-17,6.0,0.0,0.0,0.0,0.0,1.0,0.0,0.0,1.05560301377868,1.75,0,0.0,-0.03581243653328137,1.21841827909001
2026-03-18,6.0,0.0,0.0,0.0,0.0,1.0,0.0,0.0,1.05560301377868,1.75,0,0.0,0.02844130120681365,-0.2725909360909402
2026-03-19,10.0,1.0,1.0,0.25,0.0020057882008043776,0.25,1.5350461985006447,0.0,1.424421369504694,1.5,1,0.0,0.06946597113211839,0.7337390689571719
2026-03-20,10.0,2.0,2.0,0.4015607134007372,0.0023239559462099753,0.4015607134007372,2.4267310852999513,0.0,1.0775663526969153,1.575,1,-6.672121246131812e-05,0.04801202446722708,-0.06199072420472185
2026-03-23,11.0,4.0,4.0,0.8028931809689183,0.005202234171542243,0.8028931809689183,2.241831020433809,0.0,1.32291925566728,1.5,1,-0.0012891540964653503,0.043670577825574375,-0.17683306287262957
2026-03-24,11.0,2.0,2.0,0.49427099200521163,0.007153584294954258,0.49427099200521163,2.644760851256743,0.0,1.4219559981467504,1.5,1,-0.0037111739236793673,-0.039452017268924666,0.3565847431597764
2026-03-25,10.0,3.0,3.0,0.5736035834029733,0.00842505542944725,0.5736035834029733,2.5316534190832747,0.0,1.3505413492485194,1.5,1,0.0021402299641590794,0.013258765973939601,-0.12481708321610296
2026-03-26,10.0,1.0,1.0,0.25,0.014470424329859803,0.25,2.305438554736337,0.0,1.1896815330346866,1.5,1,-0.0036324406696112144,0.02813137803458643,-0.3645243094477987
2026-03-27,10.0,1.0,1.0,0.25,0.014470424329859803,0.25,2.305438554736337,0.0,1.1896815330346866,1.5,0,-0.004890019465584983,-0.012797334883290157,-0.014815104983766036
2026-03-30,10.0,1.0,1.0,0.25,0.014470424329859803,0.25,2.305438554736337,0.0,1.1896815330346866,1.5,0,-0.0013302185576561376,0.051280794608889346,-0.30194921326211877
2026-03-31,9.0,0.0,0.0,0.0,0.0,1.0,0.0,0.0,0.9367806591083614,1.5,1,-0.0011416805146565734,-0.08996440207814926,0.27413820287796664
2026-04-01,9.0,0.0,0.0,0.0,0.0,1.0,0.0,0.0,0.9367806591083614,1.5,0,0.0028442523130911557,-0.0846785061634735,0.6391533022304301
2026-04-02,11.0,1.0,1.0,0.25,0.0019322720950634073,0.25,1.5253246068514414,0.0,1.6121563979084113,1.5,1,0.0,0.0071520174603683095,0.1546012241609982
2026-04-06,11.0,1.0,1.0,0.25,0.0019322720950634073,0.25,1.5253246068514414,0.0,1.6121563979084113,1.5,0,-6.953489510652666e-05,-0.0054401764930075425,0.1704258501298519
2026-04-07,11.0,0.0,0.0,0.0,0.0,1.0,0.0,0.0,1.0800669246360526,1.5,1,0.0005344308803392206,0.017886012721984645,0.159791799558042
2026-04-08,14.0,1.0,1.0,0.25,0.01495611183405887,0.25,1.8280634145719061,0.0,1.0943851834072782,1.5,1,0.0037373546473684627,-0.08580606521550949,0.23752891338047477
2026-04-09,14.0,1.0,1.0,0.25,0.01495611183405887,0.25,1.8280634145719061,0.0,1.0943851834072782,1.5,0,-6.78989278016795e-05,-0.09824623807601895,-0.14622835814037516
2026-04-10,13.0,0.0,0.0,0.0,0.0,1.0,0.0,0.0,1.2071471340924573,1.5,1,0.0016658559812738893,-0.0021487679623313216,0.00271868405169573
2026-04-13,13.0,0.0,0.0,0.0,0.0,1.0,0.0,0.0,1.2071471340924573,1.5,0,-0.00452693990239772,0.046461224670460544,0.15352175755158703
2026-04-14,13.0,0.0,0.0,0.0,0.0,1.0,0.0,0.0,1.2071471340924573,1.5,0,0.0,-0.11611013240995549,0.04685450572691896
2026-04-15,17.0,2.0,2.0,0.3636187051108956,0.0029809922217344706,0.3636187051108956,2.5866534521408426,0.0,1.3607569728691928,1.5,1,0.0,-0.015356607863595939,-0.05159587620051609
2026-04-16,16.0,5.0,5.0,1.0166990037326689,0.01163350313784884,1.0166990037326689,2.9748608403282972,0.0,0.8141065289047028,1.546875,1,-0.00010542690128789722,0.03774749583393855,0.09111656338484453
2026-04-17,15.0,2.0,2.0,0.3531869899160693,0.0028197113910587526,0.3531869899160693,2.8582531737059615,0.0,0.810261188079438,1.65,1,-0.001902207737674133,-0.06113286447671895,0.03168089215415826
2026-04-20,16.0,2.0,2.0,0.5,0.003789452145327733,0.5,1.981824347284089,0.0,0.5787755355486827,1.921875,1,0.0013011431990241906,0.02612505148276356,-0.05026435133610385
2026-04-21,16.0,1.0,1.0,0.25,0.0013148212317191693,0.25,2.3335920920909636,0.0,0.4859131242762522,2.015625,1,-0.0012262194420969985,0.09431091569918593,0.2697820076956434
2026-04-22,15.0,0.0,0.0,0.0,0.0,1.0,0.0,0.0,0.7591229248292176,1.65,1,0.002076183273646004,-0.05798435010155778,-0.0393235249698628
2026-04-23,15.0,1.0,1.0,0.25,0.0027424374252129334,0.25,1.6590056398409252,0.0,0.786122049115839,1.6,1,-0.0030958667098648363,-0.034756586339667606,-0.09384772116779316
2026-04-24,14.0,2.0,2.0,0.3767385545278624,0.007267688844905463,0.3767385545278624,2.0138053259132613,0.0,0.7918160131294908,1.5535714285714286,1,-7.876838789011575e-05,0.02685185491296771,-0.08874040814129758
2026-04-27,16.0,4.0,4.0,0.8519216175235337,0.015487676560263815,0.8519216175235337,2.3635649283064963,0.0,0.3839665375155241,2.015625,1,-0.001293772089732137,-0.03793193924893079,-0.06569939848608097
2026-04-28,16.0,3.0,3.0,0.615037340427466,0.01034777580773899,0.615037340427466,2.299425074896401,0.0,0.2790745111506612,2.109375,1,-0.004963195600594994,0.0448245622100798,0.004227788153781331
2026-04-29,15.0,2.0,2.0,0.36843739794017993,0.00690096415929046,0.36843739794017993,2.0138053259132613,0.0,0.18666405462038074,2.15,1,-0.006387037194724776,-0.02598831271615043,0.39282540244366637
2026-04-30,13.0,0.0,0.0,0.0,0.0,1.0,0.0,0.0,0.1495776866216526,2.25,1,-0.003073579226438583,0.02326641317747402,0.25997893254667837
2026-05-01,15.0,6.0,6.0,1.249933304784009,0.019606969889526083,1.249933304784009,2.928026540063159,0.0,0.8695180816847846,1.55,1,-0.001318024944761853,-0.019690861659295567,0.035426671867506254
2026-05-04,16.0,4.0,4.0,1.0,0.011211708495381126,1.0,1.7191359191371496,0.0,0.8756089865509132,1.59375,1,-0.0002889617362575869,0.031294019245187155,-0.09431740304255354
2026-05-05,16.0,3.0,3.0,0.6062466027150376,0.010008811028980923,0.6062466027150376,1.7825282939300682,0.0,0.9391480857739158,1.5,1,0.0006430145549203292,-0.13576737455172594,0.09758380834064861
2026-05-06,17.0,1.0,1.0,0.25,0.0029620949912142506,0.25,1.75781123505353,0.0,0.9523438842038117,1.5,1,0.0010880119417082668,-0.07332656651636438,0.07479316673168168
2026-05-07,17.0,0.0,0.0,0.0,0.0,1.0,0.0,0.0,0.9454352820396666,1.5,1,0.008187252191073524,0.2725376990016266,0.03378371834477645
2026-05-08,18.0,2.0,2.0,0.43411539581844205,0.0014783427639946285,0.43411539581844205,1.9843911156076917,0.0,0.7909297889513465,1.6666666666666667,1,0.004340245317065117,-0.1831602786291141,0.06203746737963112
2026-05-11,15.0,3.0,3.0,0.6685358635603065,0.001932456055977716,0.6685358635603065,1.8257050230986263,0.0,0.8046104358189072,1.65,1,-0.00012779180130984003,-0.11188846389049911,0.1311900914478814
2026-05-12,18.0,2.0,2.0,0.4311824288660535,0.0012639200578913748,0.4311824288660535,1.9843911156076917,0.0,0.7035526160748404,1.7277777777777779,1,0.0009789008684593092,-0.048549755490747026,-0.11473770469064848
2026-05-13,16.0,1.0,1.0,0.25,0.0014218894453058588,0.25,1.7358243118626326,0.0,0.6120303265283348,1.73125,1,0.00034887111458270503,-0.03896962171583296,0.007464002631660582
2026-05-14,16.0,1.0,1.0,0.25,0.0014218894453058588,0.25,1.7358243118626326,0.0,0.6120303265283348,1.73125,0,-0.0021065475128191347,-0.06607731818884455,0.016048204007628186
2026-05-15,17.0,2.0,2.0,0.3646797409690457,0.0024753319939467776,0.3646797409690457,1.796191359793036,0.0,0.43252189344734865,2.0470588235294116,1,-0.0006740309782256038,0.32926729671775057,0.014154225320594849
2026-05-18,17.0,1.0,1.0,0.25,0.004537188766288673,0.25,1.8565584077234392,0.0,0.6481901692126466,1.761764705882353,1,0.002398253293080632,0.0319734508170324,-0.07514393076107762
2026-05-19,18.0,2.0,2.0,0.498164470857833,0.007738156706496439,0.498164470857833,1.7797846733663214,0.0,0.8486460609270546,1.5388888888888888,1,-0.0023816840273849227,-0.025308466220071213,-0.011419351563999092
2026-05-20,18.0,4.0,4.0,0.7033728823925759,0.0040012925134157145,0.7033728823925759,1.7296038429692833,0.0,0.8841666652846786,1.5388888888888888,1,0.0003957266644352142,-0.10644186652719456,-0.004002128570880559
2026-05-21,18.0,3.0,3.0,0.6409346080674015,0.006188788984615691,0.6409346080674015,2.0501479336900483,0.0,1.0616447477435174,1.5416666666666667,1,0.003671977066222354,-0.06870782372445683,0.20140494877631854
2026-05-22,18.0,6.0,6.0,1.1879029071946874,0.015592534097830776,1.1879029071946874,2.2001176865085017,0.0,1.0566563758821794,1.5416666666666667,1,-0.003510859482118933,0.14315938414660012,0.06263443906852584
2026-05-26,18.0,4.0,4.0,0.8707791031361157,0.012198639619994005,0.8707791031361157,2.321690692941387,0.0,0.7838762935156518,1.5611111111111111,1,0.0019355109760186284,-0.4118371311705795,0.06270082989002779
2026-05-27,18.0,4.0,4.0,0.8707791031361157,0.012198639619994005,0.8707791031361157,2.321690692941387,0.0,0.7838762935156518,1.5611111111111111,0,-0.008732027068856674,-0.19709951541152104,0.06721616998773405
2026-05-28,17.0,2.0,2.0,0.4093261962453094,0.0030815643362904935,0.4093261962453094,1.9308293815006965,0.0,0.5429937541396728,1.9588235294117646,1,-0.003667809312504433,0.2674646801354179,0.028043223643986703
2026-05-29,17.0,2.0,2.0,0.33734260813860045,0.0016542997283206383,0.33734260813860045,2.032405361912361,0.0,0.3597590837686985,2.067647058823529,1,-0.001327028594972579,0.4366256039536547,0.07080569680137838
2026-06-01,17.0,3.0,3.0,0.5814864809472181,0.006305436604532428,0.5814864809472181,2.331803893407599,0.0,0.4004346550691,2.091176470588235,1,0.005155752858841511,0.1428032734088982,0.17683437182546302
2026-06-02,21.0,2.0,2.0,0.3614011401797772,0.005130567034912057,0.3614011401797772,2.640826887543901,0.0,0.22668950029979298,2.211904761904762,1,-0.0005185203763836688,-0.27981159623769836,0.05196098665579929
2026-06-03,14.0,2.0,2.0,0.40042582885401173,0.004908670438081367,0.40042582885401173,2.341217792756095,0.0,0.21730038943171812,2.1928571428571426,1,0.0017534163189727447,0.07846901525671646,0.04217681884297897
2026-06-04,15.0,1.0,1.0,0.25,0.004116014126519188,0.25,2.3313827668224616,0.0,0.4137914214879793,2.1733333333333333,1,0.0002440622478045995,0.006574250172188156,-0.08256267742825107
2026-06-05,15.0,1.0,1.0,0.25,0.004116014126519188,0.25,2.3313827668224616,0.0,0.4137914214879793,2.1733333333333333,0,0.0038136666495331983,0.19433456528420878,-0.14956183754609798
2026-06-08,11.0,1.0,1.0,0.25,0.005654794105321784,0.25,2.212007830161989,0.0,0.9258686960687311,1.5681818181818181,1,0.003679909968904882,-0.16304919264779671,0.0222859961201074
2026-06-09,11.0,1.0,1.0,0.25,0.005654794105321784,0.25,2.212007830161989,0.0,0.9258686960687311,1.5681818181818181,0,0.0022523868524697566,-0.0996874469909349,-0.05303773662550093
2026-06-10,11.0,1.0,1.0,0.25,0.005654794105321784,0.25,2.212007830161989,0.0,0.9258686960687311,1.5681818181818181,0,-0.008054635439909807,0.04677483129386162,-0.035834308497703415
2026-06-11,11.0,2.0,2.0,0.3620972976286852,0.0017156270475472348,0.3620972976286852,1.6147513892375396,0.0,1.2783958074939772,1.5,1,0.008750082618650179,-0.4708009063529027,0.01586532336521196
2026-06-12,8.0,1.0,1.0,0.25,0.0008007207351906641,0.25,1.725736716760462,0.0,1.4608253485695288,1.5,1,-0.003111934161078689,-0.1706852022021964,0.09410350711496784
2026-06-15,8.0,0.0,0.0,0.0,0.0,1.0,0.0,0.0,1.326101101306593,1.5,1,0.0026751609210877714,-0.5594483824123285,0.21522330862790606
2026-06-16,8.0,0.0,0.0,0.0,0.0,1.0,0.0,0.0,1.326101101306593,1.5,0,-0.00087181499104938,1.0025564013385595,0.10427042786925189
2026-06-17,8.0,0.0,0.0,0.0,0.0,1.0,0.0,0.0,1.326101101306593,1.5,0,0.0,0.2685100298701071,0.07961022064568923
2026-06-18,8.0,0.0,0.0,0.0,0.0,1.0,0.0,0.0,1.326101101306593,1.5,0,0.0,-0.6617476431243944,-0.005221337858101194
2026-06-22,8.0,0.0,0.0,0.0,0.0,1.0,0.0,0.0,1.326101101306593,1.5,0,0.0,-2.747668564590083,-0.051332373763010364
2026-06-23,8.0,0.0,0.0,0.0,0.0,1.0,0.0,0.0,1.326101101306593,1.5,0,0.0,-1.8222977391439275,-0.05962031362270803
2026-06-24,9.0,2.0,2.0,0.3593829671294448,0.0012737013442069558,0.3593829671294448,2.1714641849798912,0.0,1.0063293106408684,1.5833333333333333,1,0.0,0.12294339084907646,-0.0851132375792163
2026-06-25,9.0,2.0,2.0,0.3593829671294448,0.0012737013442069558,0.3593829671294448,2.1714641849798912,0.0,1.0063293106408684,1.5833333333333333,0,-0.00010952989354484632,-2.224810051437127,0.05660536410150496
2026-06-26,10.0,1.0,1.0,0.25,0.0006981952393691454,0.25,2.4725991676373127,0.0,0.47942404215667905,2.1,1,-0.0016757764106982709,-0.6737691011203697,-0.2307630986086735
2026-06-29,11.0,0.0,0.0,0.0,0.0,1.0,0.0,0.0,0.5119074366211066,2.0454545454545454,1,0.0048214478322055054,0.15704899616036117,0.13435203393472417
2026-06-30,11.0,0.0,0.0,0.0,0.0,1.0,0.0,0.0,0.5119074366211066,2.0454545454545454,0,0.0005702011737749313,-0.8077170961735962,-0.0735228071377837
2026-07-01,11.0,0.0,0.0,0.0,0.0,1.0,0.0,0.0,0.5119074366211066,2.0454545454545454,0,0.0,-15.507867862806716,-0.026551600723671465
2026-07-02,11.0,0.0,0.0,0.0,0.0,1.0,0.0,0.0,0.5119074366211066,2.0454545454545454,0,0.0,0.4478983866171349,-0.16231742213863387
2026-07-06,11.0,0.0,0.0,0.0,0.0,1.0,0.0,0.0,0.5119074366211066,2.0454545454545454,0,0.0,0.06570961800872066,0.15819675097589503
2026-07-07,13.0,1.0,1.0,0.25,0.0033660343717174966,0.25,2.2938757591248273,0.0,0.5267781073748781,2.1307692307692307,1,0.0,0.5161359105441043,-0.06915030033472302
2026-07-08,14.0,0.0,0.0,0.0,0.0,1.0,0.0,0.0,0.5643816455653758,2.085714285714286,1,-6.859598019348656e-05,0.049269021900692156,0.04342298382303422
2026-07-09,14.0,0.0,0.0,0.0,0.0,1.0,0.0,0.0,0.5643816455653758,2.085714285714286,0,0.0028568178662828903,-0.34046050998074584,0.07292229061915045
2026-07-10,10.0,2.0,2.0,0.4110738365863196,0.00494039951122832,0.4110738365863196,2.4956494772175586,0.0,1.1460967137922389,1.65,1,0.0,-0.07484613735132939,0.023195443016596595
2026-07-13,16.0,1.0,1.0,0.25,0.009333156352764715,0.25,1.9800352673615473,0.0,1.0024237890063736,1.78125,1,-0.00011460228127191385,0.2940651006023218,-0.1166663081097078
2026-07-14,14.0,0.0,0.0,0.0,0.0,1.0,0.0,0.0,1.0160576522608344,1.7392857142857143,1,0.0037484502358489102,-0.2746368887414741,0.02280530319438867
2026-07-15,9.0,2.0,2.0,0.4605181809168053,0.007970803094387023,0.4605181809168053,2.140184537197978,0.0,1.0633952643642854,1.5833333333333333,1,0.024638748717156433,0.08323613025711518,-0.160705228391265
2026-07-16,10.0,2.0,2.0,0.4850300696861437,0.005385375662148188,0.4850300696861437,3.092297681650672,0.0,0.6384560944294851,1.98,1,-0.00012169719210286534,-0.027797240289682,-0.18335052929297346
2026-07-17,11.0,3.0,3.0,0.6026564469296436,0.004772734880110421,0.6026564469296436,1.7840345031928868,0.0,0.818066140098608,1.7727272727272727,1,-0.0032770091905012233,-0.014968958066851723,0.13620148274117616
2026-07-20,15.0,2.0,2.0,0.46805380791142276,0.005430378209353906,0.46805380791142276,2.923974107308263,0.0,0.9918831271080851,1.65,1,0.010628988851207,-0.12126770054902813,0.016142768680727393
2026-07-21,16.0,1.0,1.0,0.25,0.001966927402289221,0.25,2.841378913440264,0.0,1.0495124567313925,1.640625,1,-0.0006364494804462772,-0.9044757527177176,0.26479772968888016
2026-07-22,16.0,1.0,1.0,0.25,0.001966927402289221,0.25,2.841378913440264,0.0,1.0495124567313925,1.640625,0,-0.00407796741611377,3.106805081030269,0.07022333215083876
2026-07-23,16.0,1.0,1.0,0.25,0.001966927402289221,0.25,2.841378913440264,0.0,1.0495124567313925,1.640625,0,-0.0021213239066358858,0.6690166543657217,0.021221469039738983
2026-07-24,14.0,4.0,4.0,0.7541320273548962,0.010524747779869274,0.7541320273548962,3.182587836748569,0.0,0.6276900717368369,2.0892857142857144,1,-0.0011187672164011397,0.4760482015969507,-0.09537104120936057
2026-07-27,14.0,6.0,6.0,1.217041938253864,0.013232573795665666,1.217041938253864,2.448061691510922,0.0,0.8032505611230596,1.875,1,0.0001636257936701302,-0.05305244419191091,-0.03436334258243379
2026-07-28,14.0,5.0,5.0,0.9964380254453435,0.009251304150815785,0.9964380254453435,2.626617741793637,0.0,0.7947759595634557,1.9285714285714286,1,-0.008840866999686114,0.5781083363856847,-0.10785049824197224
2026-07-29,17.0,5.0,5.0,1.1136505042642482,0.015396848111067485,1.1136505042642482,2.408970700908267,0.0,0.9394217671858583,1.9852941176470589,1,0.006602058666979493,0.6360346272483919,0.045397265130578957
2026-07-30,16.0,4.0,4.0,0.8972875363960127,0.015366945033942916,0.8972875363960127,2.3969542159059274,0.0,1.2894937893617846,1.6875,1,0.033712108752038894,-0.41618188942007184,0.17349141642222365
2026-07-31,14.0,4.0,4.0,0.7525176367148335,0.009627594304324076,0.7525176367148335,2.1800535075060643,0.0,1.199586024157486,1.7678571428571428,1,0.020640440221844303,0.4857875990458693,-0.04289995680839731
2026-08-03,18.0,3.0,3.0,0.5507811650109868,0.006181736417559751,0.5507811650109868,2.467191931837712,0.0,1.2099155248629097,1.75,1,0.0017716789266084554,0.05551873648767591,-0.06328488900658935
2026-08-04,14.0,2.0,2.0,0.49799093035273245,0.008332028628724206,0.49799093035273245,2.4256557016738,0.0,1.2981129852918554,1.5535714285714286,1,-0.0009312433290138422,-0.1652995122882428,0.06665740274679366
2026-08-05,11.0,0.0,0.0,0.0,0.0,1.0,0.0,0.0,1.4465838356343828,1.5,1,0.0020960181945985923,-0.2389973869131613,0.006174983863398209
2026-08-06,14.0,2.0,2.0,0.3786042379561275,0.003957274018796419,0.3786042379561275,2.69129655224143,0.0,1.179215675343956,1.6071428571428572,1,0.004629234089331025,-0.2534377317280203,-0.18950903823631982
2026-08-07,12.0,2.0,2.0,0.41818617889141696,0.004057541544013959,0.41818617889141696,1.8961746027098685,0.0,1.3297652273300888,1.5,1,-0.00010386943572437968,0.10580937454408668,-0.11770348548320697
2026-08-10,18.0,2.0,2.0,0.44381137160181783,0.005253551038569445,0.44381137160181783,1.7175602955370888,0.0,1.2792504241262566,1.5,1,-0.0048065650778147395,0.21043132342879312,0.10167818270981499
2026-08-11,18.0,2.0,2.0,0.42834368414002993,0.00356754300851632,0.42834368414002993,2.0112748032194228,0.0,1.207543564860385,1.5416666666666667,1,0.004486857302096858,-0.20264364524086476,0.012699120352883897
2026-08-12,18.0,2.0,2.0,0.42834368414002993,0.00356754300851632,0.42834368414002993,2.0112748032194228,0.0,1.207543564860385,1.5416666666666667,0,-0.0037812276188181615,-0.6385448572434711,0.15258966041366984
2026-08-13,16.0,3.0,3.0,0.649611499562067,0.004173408917036057,0.649611499562067,2.127703754658977,0.0,0.6674399298489635,2.0625,1,-0.0016033266360154785,-0.8761364393423676,0.14872640309094898
2026-08-14,13.0,1.0,1.0,0.25,0.0013988025256192226,0.25,2.360561657538085,0.0,0.5153201376883354,2.1923076923076925,1,0.003382914630011946,-1.2278388846528259,0.0807658830520015
2026-08-17,13.0,1.0,1.0,0.25,0.0013988025256192226,0.25,2.360561657538085,0.0,0.5153201376883354,2.1923076923076925,0,-0.0006393105153906786,47.538287376988805,0.024954456577211515
2026-08-18,13.0,1.0,1.0,0.25,0.0013988025256192226,0.25,2.360561657538085,0.0,0.5153201376883354,2.1923076923076925,0,0.0016113389157719205,-1.0259228649012702,-0.08708616930775503
2026-08-19,13.0,1.0,1.0,0.25,0.0013988025256192226,0.25,2.360561657538085,0.0,0.5153201376883354,2.1923076923076925,0,0.0006815007616816082,0.1764340832666198,-0.16624581009159045
2026-08-20,14.0,3.0,3.0,0.5732364598143904,0.004898037118948488,0.5732364598143904,2.295493755678301,0.0,1.1728891614452066,1.6071428571428572,1,0.0035101419518259735,-9.20740851877891,0.06359189547840582
2026-08-21,14.0,3.0,3.0,0.5732364598143904,0.004898037118948488,0.5732364598143904,2.295493755678301,0.0,1.1728891614452066,1.6071428571428572,0,0.0004866783493906457,0.9577271456153973,-0.015668117945843663
2026-08-24,12.0,1.0,1.0,0.25,0.0012857626915370526,0.25,2.360561657538085,0.0,1.2275736809546984,1.625,1,0.00262461245140444,-0.4232665596501728,-0.08393550125320304
2026-08-25,12.0,1.0,1.0,0.25,0.0012857626915370526,0.25,2.360561657538085,0.0,1.2275736809546984,1.625,0,-0.007101019667509534,1.094369678969907,0.09699186077942601
2026-08-26,9.0,0.0,0.0,0.0,0.0,1.0,0.0,0.0,0.9532171529400492,1.8333333333333333,1,0.0030763667711957154,-0.250909985078381,0.08182558954272023
2026-08-27,9.0,0.0,0.0,0.0,0.0,1.0,0.0,0.0,0.9532171529400492,1.8333333333333333,0,0.00393873749227347,-0.7345973894158206,-0.02425777342075408
2026-08-28,9.0,0.0,0.0,0.0,0.0,1.0,0.0,0.0,0.9532171529400492,1.8333333333333333,0,0.0,-3.6120551943227075,-0.008609168886625551
2026-08-31,9.0,0.0,0.0,0.0,0.0,1.0,0.0,0.0,0.9532171529400492,1.8333333333333333,0,0.0,0.38549420300872117,-0.06137325168510366
2026-09-01,9.0,0.0,0.0,0.0,0.0,1.0,0.0,0.0,0.9532171529400492,1.8333333333333333,0,0.0,0.5711788833248272,-0.03547959569380066
2026-09-02,9.0,0.0,0.0,0.0,0.0,1.0,0.0,0.0,0.9532171529400492,1.8333333333333333,0,0.0,0.8411537099650535,-0.06062723559353056
2026-09-03,9.0,0.0,0.0,0.0,0.0,1.0,0.0,0.0,0.9532171529400492,1.8333333333333333,0,0.0,0.36146453625749886,-0.045040060264119886
2026-09-04,9.0,0.0,0.0,0.0,0.0,1.0,0.0,0.0,0.9532171529400492,1.8333333333333333,0,0.0,0.1704598734471623,0.04471770358411531
